buyer_name,name_key,parent,buyer_type,hq_address,hq_city,hq_state,nj_office_address,website,min_sf,max_sf,min_price,max_price,building_age_pref,clear_height_pref,product_types,target_submarkets,tenancy_pref,hold_strategy,equity_source,deal_structures,stated_criteria_quote,criteria_source_url,criteria_date,acquisitions_head_name,acquisitions_head_title,work_email_or_pattern,phone,linkedin,confidence,notes,nj_active,nj_deal_count_seen,source_url,verification,source_parts,dupes_merged
CenterPoint Properties,CENTERPOINT PROPERTIES,CalPERS / GI Partners,developer-holder,,,,,https://www.centerpoint.com,,,,,,,port-adjacent infill industrial with heavy parking; container yards; LTL terminals; high-throughput facilities,Port Newark-Elizabeth; northern NJ port markets; Wayne,either,core-plus,pension,all-cash; development; public-private partnerships,acquiring infill real estate with tremendous parking and future development optionality,https://njbiz.com/centerpoint-continues-heavy-investment-in-thriving-new-jersey-industrial-market/,,,,,,,med,"CALL-LIST BUYER - quick row only. Criteria: property close to population centers, transportation nodes and supply chain networks; aggressively seeks port markets of northern NJ, LA, SF Bay, South Florida, Seattle. NJ deals seen: 349-369 1st St, Elizabeth; 386,286 SF NJ facility; 14-acre distribution center; fully leased 224,000 SF warehouse; 100 Demarest Dr, Wayne 117,000 SF.",yes,5,https://njbiz.com/centerpoint-continues-heavy-investment-in-thriving-new-jersey-industrial-market/,,A2_institutional_core.jsonl,0
Faropoint,FAROPOINT,,closed-end PE,,Hoboken,NJ,,,20000,100000,,,,,last-mile industrial; small-bay warehouses,"supply-constrained urban markets across the United States; NY metro infill (Bergen, Morris counties; Meadowlands)",,value-add,closed-end fund; pension,portfolio,"small-bay warehouses ranging from 20,000 to 100,000 square feet",https://www.wealthmanagement.com/estate-planning/how-one-firm-is-helping-institutional-investors-access-deals-on-last-mile-warehouses,,,,,,,med,"Vertically integrated manager of last-mile industrial in supply-constrained urban markets (BusinessWire); latest fund targets ~200-250 assets with suite sizes 20,000-40,000 SF; strategy is to aggregate one-off acquisitions into institutional portfolios, make capital improvements (LED, roofs, paint) and mark rents to market for resale (sold 109-warehouse portfolio for $481M, 2022-07). Industrial Value Fund IV secured $600M acquisition credit facility (ROI-NJ 2026-01); Dutch pension fund investor (re-nj). 400+ warehouses / 35M+ SF acquired since inception; AUM $3.5B+. Proprietary FarOS sourcing and REXy underwriting tools. NJ deals: Bergen & Morris counties 10-bldg Kushner Cos. portfolio 654,633 SF, 98% leased (2021-12, $132,500,000); NJ holdings expanded (2023-10, $145,000,000); Meadowlands 2 last-mile buildings (2023-04, $28,300,000); Meadowlands last-mile property ($17,700,000, Meridian); NJ last-mile property ($18,000,000, Meridian). HQ listed as Hoboken NJ (LoopNet company page); street address not shown.",yes,5,https://www.wealthmanagement.com/estate-planning/how-one-firm-is-helping-institutional-investors-access-deals-on-last-mile-warehouses,,A7_cold_lastmile_smallbay.jsonl,0
Invesco Real Estate,INVESCO REAL ESTATE,Invesco Ltd.,open-end fund,,,,,https://www.invesco.com/realestate,,,,,,,cross-dock warehouse; infill logistics; multi-building light industrial; development JV,"Exit 8A (South Brunswick); Livingston/Essex County; Meadowlands (Teterboro, Bogota, Ridgefield Park); Burlington County",either,core-plus,open-end fund,all-cash; JV; development; portfolio; platform investment,,,,Bert Crouch,Head of North America,,,,low,"No published SF/price box found. NJ deals seen: 152 Ridge Road, South Brunswick 216,000 SF cross-dock, 30 ft clear, $55M (2024); West Essex Logistics Center, Livingston ~300,000 SF (2023); 5-building 384,000 SF Burlington County portfolio with Camber (2025); Teterboro warehouse with Hampshire (later sold to Principal for ~$75M); Hampshire JV developments in Bogota & Ridgefield Park (2022-23); strategic investment in Faropoint. INFERRED: active 100-400K SF NJ buyer via operating partners (Hampshire, Camber, Faropoint).",yes,5,https://www.jll.com/en-us/newsroom/jll-closes-sale-of-nj-industrial-warehouse,,A2_institutional_core.jsonl,0
CBRE Investment Management,CBRE INVESTMENT MANAGEMENT,CBRE Group,open-end fund,,,,,https://www.cbreim.com,,,,,,32-40 ft (portfolio spec),Class A logistics; two-building logistics parks; bulk distribution,Northern NJ (Somerset); Central NJ / Exit 8A (Cranbury); Port of NY-NJ,stabilized,core,open-end fund,all-cash; portfolio; separate account,"high-quality, institutional-grade logistics assets",https://www.cbreim.com/press-releases/cbre-investment-management-acquires-2-3-million-square-foot-east-coast-logistics-portfolio,,Christopher Sullivan,"Director, Americas Direct Logistics Team",,,,high,"Jesse Harty = Head of Logistics Operator Division, Americas Direct Real Estate. NJ deals seen: Cottontail Logistics Center, Somerset ±236,000 SF two-building Class A park (2025-05); Belmont Distribution Center ±200,000 SF Northern NJ (2025-07); 199,000 SF Somerset warehouse added to Somerset portfolio; 61 Station Road, Cranbury 772,000 SF within 2.3M SF 6-building East Coast portfolio (separate account). Portfolio spec: 32-40 ft clear, ESFR, LED, 100% leased to 7 tenants.",yes,4,https://re-nj.com/cbre-investment-management-buys-new-236000-sq-ft-logistics-park-in-somerset/,,A2_institutional_core.jsonl,0
"Prologis, Inc.",PROLOGIS,,REIT,,San Francisco,CA,"1 Meadowlands Plaza, Suite 100, East Rutherford, NJ 07073",prologis.com,,,,,,,,,,,public REIT,,,,,,"Director, Investment - New Jersey (East Rutherford office; role oversees NJ acquisitions, redevelopment and development per job posting; incumbent name not found)",,,,med,"No published buy-box page found. INFERRED: buys Class A big-box and infill logistics plus development land across Meadowlands, Exit 8A and Port Newark; all-cash balance-sheet buyer; also absorbs portfolios (legacy Duke Realty). NJ deals seen: Monroe Twp 201 Middlesex Center Blvd 600,000 SF cross-dock + 773 Cranbury South River Rd 488,884 SF on 34.73 ac (2023, $197,400,000 combined, Exit 8A) [re-nj.com, costar.com]; Teterboro 200-250 Central Ave 212,000 SF 3-tenant last-mile warehouse (n.d.) [re-nj.com]; legacy Duke Realty 3.1M SF NJ I-95 corridor portfolio (n.d.) [connectcre.com], Duke NJ portfolio reached ~8.2M SF [dcvelocity.com]; planned 142,000 SF development near Port Newark [re-nj.com]. NJBIZ 2026: 53.4M SF owned/controlled in NJ (largest developer); prologis.com: 200+ NJ/NY properties, 50M+ SF. re-nj: NJ/NY team has doubled since 2019. East Rutherford office est. 1983, ~11,000 SF [loopnet.com, glassdoor.com]. Already-dominant owner; not one of the six existing call-list firms.",yes,4,https://re-nj.com/prologis-buys-1-1-million-sq-ft-industrial-portfolio-at-exit-8a-in-reported-197-million-deal/,,A1_public_reits.jsonl,0
Sagard Real Estate,SAGARD REAL ESTATE,Sagard (Power Corporation of Canada),open-end fund,,,,,https://www.sagard.com,,,,,,,single-tenant distribution; newly built small warehouse; IOS (La Caisse JV),Exit 8A (Monmouth Junction/South Brunswick); Meadowlands (East Rutherford); Avenel,stabilized,core-plus,open-end fund,all-cash; JV (IOS),investing in industrial assets located in supply-constrained logistics markets with strong long-term demand,https://www.businesswire.com/news/home/20260701637270/en/Sagard-Real-Estate-Expands-New-Jersey-Industrial-Portfolio-with-Monmouth-Junction-Acquisition,2026-07-01,Belah Terentjev,Director of Acquisitions,,,,high,"NJ deals seen: 27 Distribution Way, Monmouth Junction 223,977 SF on 16.4 acres, 28 docks, rail-capable, $56.9M (2026); 47,000 SF newly built warehouse, East Rutherford (2024); Avenel industrial property (2024, with Hanover MD asset); 65,000 SF updated warehouse, South Brunswick. Sagard RE / La Caisse IOS JV launched 2026-03. Buys 45K-225K SF - squarely in target size band. | Discovered buyer (not on seed list). re-nj.com 'Site strategy' feature: Sagard Real Estate ($6B AUM) teamed with La Caisse to buy a two-property IOS portfolio in Moonachie (Bergen Co.) for roughly $10M under a $360M fund focused on industrial outdoor storage. Sagard blog (Aug-2026) 'Industrial outdoor storage moves toward the institutional inner circle' signals a dedicated IOS thesis. buyer_type 'closed-end PE' INFERRED from the dedicated $360M fund. NJ deal seen: Moonachie 2-property IOS portfolio (~$10M, with La Caisse; c. 2025-26).",yes,4,https://www.roi-nj.com/2026/07/02/real_estate_development/sagard-real-estate-acquires-224k-industrial-facility-in-monmouth-junction/,,A2_institutional_core.jsonl;A6_ios_truck.jsonl,1
Ares Management Real Estate (Ares Industrial REIT / legacy Black Creek),ARES MANAGEMENT REAL ESTATE ARES INDUSTRIAL REIT LEGACY BLACK CREEK,Ares Management Corp.,open-end fund,,Los Angeles,CA,,https://www.aresmgmt.com,,,,,,,distribution warehouses leased to corporate tenants; multi-building light industrial portfolios,I-80 (Wayne/Passaic); Southern NJ (Cinnaminson/Pennsauken); Northern NJ,stabilized,core-plus,open-end fund,all-cash; portfolio; JV (PSP $2.4B JV 2026),,,,David Fazekas,"Partner and Chief Investment Officer of Industrial, Ares Real Estate Group",,,,med,"Ares Industrial REIT (AIREIT, non-traded) 'invests in... distribution warehouses and other industrial buildings leased to corporate clients'; NJ portfolio 16 buildings, 98% occupied. NJ deals seen: I-80 Logistics Park, Wayne 557,000 SF, $138.5M (2022); 14-building 1.12M SF Cinnaminson/Pennsauken portfolio from Whitesell, $118.5M (2024); Heron Industrial Center NJ $26M (2021, BCI IV). Ares acquiring GLP Capital Partners international business (incl GCP US). HQ Los Angeles per TRD. David Kaplan acted for Ares on South Jersey deal.",yes,3,https://therealdeal.com/new-york/tristate/2022/08/17/ares-pays-139m-for-nj-industrial-complex-wont-reveal-address/,,A2_institutional_core.jsonl,0
Brookfield Asset Management (Logistics),BROOKFIELD ASSET MANAGEMENT LOGISTICS,Brookfield Corporation,closed-end PE,,,,,https://www.brookfield.com,,,,,,,logistics development sites; rail-served industrial; light industrial portfolios,"Bergen County (Ridgefield); Hudson County (Kearny, Jersey City); NYC-adjacent infill",either,opportunistic,closed-end fund,all-cash; development; portfolio,,,,Andy Smith,"Head of North American Investments, Logistics",,,,med,"No published criteria. Brookfield owns >45M SF logistics in North America with 24M SF pipeline (CPE). NJ deals seen: Ridgefield 19-acre site for 337,592 SF Ridgefield Logistics Center (2021); 1100 Newark Turnpike, Kearny 9.3-acre CSX rail/industrial site with 58,500 SF building, $67.3M (2022); Liberty Commerce Center Jersey City 414,368 SF development site. Also bought Peakstone Realty Trust (2025-26). INFERRED: NJ appetite is for infill development/redevelopment land and rail/port-adjacent sites, not stabilized small-bay.",yes,3,https://re-nj.com/brookfield-acquires-ridgefield-site-eyes-338000-sq-ft-logistics-center/,,A2_institutional_core.jsonl,0
Camber Real Estate Partners,CAMBER REAL ESTATE PARTNERS,,other,,,,,,,,,,,,,,,,,,,,,Kevin Interlicchio,Director of Acquisitions,,,,med,"Private real estate investment firm active in NJ industrial via JVs. Kevin Interlicchio joined as Director of Acquisitions Sept 2024, 'responsible for shaping the firm's acquisitions strategy and sourcing new investments' (ROI-NJ/Connect CRE 2025-01). NJ deals: Burlington Co. 5-building 384,335 SF portfolio with Invesco Real Estate at NJ Turnpike Exit 5 (6 Berry Dr Hainesport; 110-140 Mount Holly Bypass Lumberton; 30'+ clear; ex-Whitesell) (2025-01); Mahwah 3-building industrial portfolio with Advance Realty (NJBIZ); Allendale 7-building portfolio with Advance Realty (advancere.com). Press release called Exit 5 'one of the region's most in-demand last-mile logistics corridors'. INFERRED: multi-building last-mile/flex portfolios in Northern NJ (Bergen) and Burlington Co. with institutional JV equity; 30'+ clear modern product acceptable. No published buy box found; HQ/website not shown in results.",yes,3,https://roi-nj.com/2025/01/27/real_estate/calling-it-a-region-on-the-rise-camber-invesco-buy-industrial-portfolio-in-burlington-county,,A7_cold_lastmile_smallbay.jsonl,0
Clarion Partners (Lion Industrial Trust),CLARION PARTNERS LION INDUSTRIAL TRUST,Franklin Templeton,open-end fund,,,,,https://www.clarionpartners.com,,,,,,,warehouse/distribution; industrial land/development; industrial outdoor storage (IOS),Central New Jersey (Exit 8A / South Brunswick); Port of NY-NJ proximity,either,core,open-end fund,all-cash; portfolio; development,focused on markets with strong transportation connectivity and constrained supply,https://www.clarionpartners.com/news/global-industrial-and-logistics-investments-2025,2026-01-26,Payson MacWilliam,"Managing Director, Head of Industrial Transactions",,,,high,"Lion Industrial Trust = open-end vehicle that 'seeks to own, develop, manage and strategically sell industrial warehouse properties and land in 25 U.S. markets' (IREI). Dayton Conklin = MD, Head of U.S. Industrial; Adam Wheeler = Head of Alternative Industrial and Storage Transactions (IOS, LA-based). >$2B gross industrial acquisitions in trailing 12 months (Jan 2026 release). NJ deals seen: Central NJ IOS site within 4-market CPREIF IOS portfolio (2026); NJ IOS portfolio bought by Clarion Partners Real Estate Income Fund (2025); South Brunswick 20-acre development site. Also a seller: 34 Engelhard Dr Monroe (203,000 SF) sold to GLP for $53.8M (2023).",yes,3,https://www.franklintempleton.ch/press-releases/closed-end-funds/2025/fund-announcement/08-04-2025-clarion-partners-real-estate-income-fund-acquires-industrial-outdoor-storage-portfolio-in-new-jersey,,A2_institutional_core.jsonl,0
Criterion Group LLC,CRITERION GROUP,JV with Columbia Pacific Advisors,IOS specialist,,,,,,,,,,,,IOS; industrial land/yards,,,,,JV; portfolio,,,,,,,,,med,"Formed a $360M national IOS JV with Columbia Pacific Advisors; the JV obtained $180M refinancing on a 34-property national IOS portfolio spanning key markets including New Jersey (Commercial Property Executive). Connect CRE: Criterion acquired eight IOS properties totaling 151 acres in eight states for $45.3M aggregate. NJ deals seen: Newark 206-238 North 12th St & 1 Springdale Ave, $26.1M (traded.co; year n/a); Newark 10-acre site with 8.5 acres leasable (year n/a); Logan Township (Gloucester Co.) 2336 Center Square Rd, 1.56 ac, $1.17M (Lee & Associates/NJBIZ; year n/a). INFERRED: buys IOS yards from ~1.5 acres up to 10+ acres, including sub-$2M single parcels and $25M+ urban Newark sites; aggregates nationally with institutional JV equity.",yes,3,https://www.commercialsearch.com/news/columbia-pacific-criterion-land-180m-for-ios-portfolio/,,A6_ios_truck.jsonl,0
EverWest Real Estate Investors,EVERWEST REAL ESTATE INVESTORS,,other,,,,,https://www.everwest.com,,,,,,,infill light industrial; small-bay; sale-leaseback; Class C redevelopment; land,"Central New Jersey (Edison, East Brunswick, Hamilton)",either,core-plus,pension,"JV (Oxford Properties, ~$1B GAV program); sale-leaseback; off-market; development","core-plus, value-add product in major U.S. growth industrial markets",https://www.ajot.com/news/oxford-everwest-jv-completes-us54-million-in-new-jersey-acquisitions,,,,,,,med,"Operating partner in the Oxford/EverWest JV targeting ~$1B (GAV) of infill, small-bay light industrial. NJ deals seen (2022, $54M total): 65 Brunswick Ave, Edison 113,079 SF $21M sale-leaseback; 9 Cotters Lane, East Brunswick 78,000 SF Class C $18M off-market redevelopment; Cabot Dr & Route 130, Hamilton ~73 acres $15M for 54,000 + 123,000 SF buildings. Capital = OMERS/Oxford (pension). Sweet spot 50-125K SF matches target band.",yes,3,https://www.dcvelocity.com/articles/53952-oxford-everwest-jv-completes-us-54-million-in-new-jersey-acquisitions,,A2_institutional_core.jsonl,0
IDI Logistics,IDI LOGISTICS,Ivanhoé Cambridge / Oxford Properties,developer-holder,,Atlanta,GA,,https://idilogistics.com,,,,,,,office-to-industrial redevelopment sites; Class A warehouse development,"I-287/Exit 10 (Piscataway, Somerset); I-295 (Ewing/Princeton submarket)",vacant,merchant-build,pension,land/redevelopment site purchase; build-to-suit,launch a strategic pipeline of redevelopment opportunities in this critical market,https://www.roi-nj.com/2022/08/01/real_estate/idi-logistics-acquires-two-premium-land-sites-in-the-route-287-exit-10-and-princeton-submarkets/,2022-08-01,,,,,,med,"NJ deals seen: 1551 S. Washington Ave, Piscataway 14 acres (office demolished 2025; 155,272 SF Class A warehouse due Oct 2026); 370 Scotch Road, Ewing 18 acres off I-295; Davidson Ave, Somerset ~13 acres (2022). Owned 50/50 by Ivanhoé Cambridge and Oxford Properties (pension capital). HQ Atlanta per CPE. INFERRED: buys obsolete office/land for 100-300K SF spec warehouses in Middlesex/Somerset/Mercer.",yes,3,https://re-nj.com/idi-plans-new-industrial-developments-after-acquiring-office-sites-in-piscataway-ewing/,,A2_institutional_core.jsonl,0
"Innovative Industrial Properties, Inc.",INNOVATIVE INDUSTRIAL PROPERTIES,,REIT,,San Diego,CA,,innovativeindustrialproperties.com,,,,,,,cannabis cultivation/processing facilities (industrial) via sale-leaseback with licensed operators,New Jersey (owns 3 cultivation/processing facilities + 1 dispensary),stabilized,core,public REIT,sale-leaseback | build-to-suit,,,,,,,,,med,"No generic criteria text captured; deal pattern is sale-leaseback plus funded tenant improvements with state-licensed cannabis operators. NJ deals: Ascend Wellness NJ cultivation/processing facility, 114,000 SF, $35,400,000 purchase + up to $4,600,000 TI = $40M (2022-02-10) [businesswire.com, mjbizdaily.com]; Curaleaf, Blue Anchor, NJ 111,000 SF, $5,500,000 + up to $29,500,000 TI [mjbizdaily.com]; total NJ investment ~$90M incl. TI commitments across 3 cultivation facilities and 1 dispensary [cannabisbusinesstimes.com]. CIO name search blocked by search budget.",yes,3,https://www.businesswire.com/news/home/20220210005855/en/Innovative-Industrial-Properties-Acquires-New-Jersey-Property-and-Expands-Real-Estate-Partnership-with-AWH,,A1_public_reits.jsonl,0
Link Logistics Real Estate,LINK LOGISTICS REAL ESTATE,Blackstone,open-end fund,,,,,https://www.linklogistics.com,,,,,,,warehouse/distribution; infill logistics; redevelopment sites,Northern/Central NJ infill; Meadowlands/Kearny; Port Newark-Elizabeth; I-80/I-287 (Parsippany),,core-plus,open-end fund,all-cash; portfolio; redevelopment,focuses on in-fill locations located in large and mature urban areas,https://www.freightwaves.com/news/with-blackstones-bucks-behind-it-link-logistics-makes-its-presence-known,,Nicholas Brady III,"Managing Director, East Region",,,,med,"Blackstone's US logistics operating platform (BREIT/BREP capital). FreightWaves: geographic bias toward large populations or underserved growth markets; steers clear of big-box far outside city centers. NJ deals seen: Parsippany office parcel acquired for 123,000 SF warehouse (I-80/I-287); Kearny redevelopment delivering 164,000 SF warehouse; North Bergen warehouse acquisition (CoStar). Michael Walsh = SVP & Market Officer, New Jersey (linklogistics.com). Nicholas Brady III title is regional MD; not explicitly titled acquisitions. INFERRED: buys/redevelops infill NJ sites of all sizes, keeps second-generation stock as well as new builds.",yes,3,https://re-nj.com/jll-link-logistics-eyes-123000-sq-ft-warehouse-after-acquiring-parsippany-office-parcel/,,A2_institutional_core.jsonl,0
Oxford Properties Group,OXFORD PROPERTIES GROUP,OMERS,other,,,,,https://www.oxfordproperties.com,,,,,,,infill light industrial; small-bay; sale-leaseback; Class C redevelopment; land development,"Central NJ (Edison, East Brunswick, Hamilton)",either,core-plus,pension,JV (EverWest); sale-leaseback; off-market; development,"acquire and develop approximately $1 billion (gross asset value) of infill, light industrial properties",https://www.oxfordproperties.com/news/oxford-and-everwest-real-estate-investors-establish-joint-venture-to-accelerate-us-light-industrial-portfolio-growth,2021-12,,,,,,high,"Oxford/EverWest JV targets core-plus and value-add small-bay infill industrial in major U.S. growth markets. NJ deals seen (2022): 65 Brunswick Ave, Edison 113,079 SF, $21M sale-leaseback with ISC Gums (20-24 ft clear); 9 Cotters Lane, East Brunswick 78,000 SF vacant Class C, $18M off-market for redevelopment; Cabot Dr & Route 130, Hamilton ~73 acres, $15M for 54,000 + 123,000 SF buildings. Also bought 149-property industrial portfolio from KKR for $2.2B; co-owns IDI Logistics. Pension (OMERS) capital.",yes,3,https://www.ajot.com/news/oxford-everwest-jv-completes-us54-million-in-new-jersey-acquisitions,,A2_institutional_core.jsonl,0
PGIM Real Estate,PGIM REAL ESTATE,Prudential Financial,open-end fund,,,,,https://www.pgim.com/real-estate,,,,,,,Class A bulk warehouse/distribution; industrial development land,I-78 corridor (Phillipsburg); South Jersey I-295 / Delaware Memorial Bridge,stabilized,core,open-end fund,all-cash; JV; forward-purchase; development,,,,Steven Oliveira,"National Industrial, Acquisitions & Dispositions contact",steven.oliveira@pgim.com,+1 (973) 734-1359,,med,"No published SF/price box found. Todd Goldberg = Head of U.S. Transactions (pgim.com acquisitions/dispositions contact page). NJ deals seen: Bridge Point 78 Phillipsburg/Lopatcong 2.2M SF, 4 new buildings, $275M (2020; Warren County, outside target counties); JV with Lincoln Equities on 48-acre South Jersey industrial site; JV buying 1.7M SF industrial park at foot of Delaware Memorial Bridge (2022); PGIM/CTR Garden State Logistics Center Pennsville 1.7M SF development. INFERRED: large-format, newly built Class A, long-term credit leases; sub-250K SF deals not evident.",yes,3,https://www.pgim.com/us/en/institutional/businesses/real-estate/about-us/contact-us/acquisitions-dispositions,,A2_institutional_core.jsonl,0
Principal Real Estate Investors,PRINCIPAL REAL ESTATE INVESTORS,Principal Financial Group,open-end fund,,,,,https://www.principalam.com,,,,,,,newly built Class A warehouse; single-tenant credit leased; development JV,Hamilton/Exit 7A; Teterboro/Meadowlands; Parsippany,stabilized,core,open-end fund,all-cash; JV; forward-purchase; development,,,,,,,,,low,"No published acquisition criteria found. NJ deals seen: 539 Route 130, Hamilton 171,269 SF newly built, 100% Amazon, from Penwood/Metrix (c.2021); Teterboro ~221,000 SF warehouse ~$75M from Hampshire/Invesco; JV with Greek Development & Hampshire on 281,000 SF Parsippany warehouse project; Exit 8 warehouse in 2.1M SF multistate portfolio; lender $41.5M on Edison warehouse (2018). Sold two US industrial assets to Stockbridge for $142M. INFERRED: core buyer of new, long-leased credit-tenant NJ warehouses 150-300K SF; also programmatic development capital.",yes,3,https://njbiz.com/principal-real-estate-investors-nabs-newly-built-hamilton-industrial-building/,,A2_institutional_core.jsonl,0
Realterm,REALTERM,Realterm (Realterm Logistics),closed-end PE,,,,,https://www.realterm.com,,,,,,,high flow-through (HFT) logistics; truck terminals/cross-dock; final-mile warehouse; transload; IOS,"top freight corridors; infrastructure-advantaged markets (seaport, airport, rail, highway); NJ: Port Newark/Newark Airport, Lincoln/Holland Tunnel, GWB access",either,value-add,closed-end fund,JV; portfolio,"value-add, core, opportunistic, core+ and credit logistics investments in top freight corridors",https://www.realterm.com/investment-opportunities/,,,,,,,med,"Firm's own pages state it pursues value-add, core, opportunistic, core+ and credit logistics investments and selectively acquires properties designed and built with users' needs in mind, including leased investments and vacant or short-term leased facilities (hold_strategy column shows only the first of several stated strategies). News boilerplate: 'mission critical, transportation-advantaged logistics real estate with high flow through characteristics, designed to move - not store - freight'. Equity: Realterm Logistics Fund V (Nebraska Investment Council public doc) and JV capital with J.P. Morgan (1.75 msf HFT portfolio in 28 markets). Realterm also originates credit ($300M loan on six-property transport infrastructure portfolio). NJ deals seen: Totowa NJ 6,960 SF IOS facility (year n/a; dcvelocity); Jersey City NJ 60,000 SF transload, 54 dock positions (year n/a); North Bergen NJ final-mile warehouse (year n/a). Acquires assets as small as 23,634 SF on 3.9 ac (San Diego) up to 200,400 SF final-mile (Houston).",yes,3,https://www.realterm.com/investment-opportunities/,,A6_ios_truck.jsonl,0
Terreno Realty Corporation,TERRENO REALTY CORPORATION,,REIT,,Bellevue,WA,,terreno.com,,,,,,,,,,,public REIT,all-cash,,,,,,,,,med,"Existing call-list buyer - quick row only. NJ deals seen: Carlstadt 245 Paterson Plank Rd, 4.9-acre improved land adjacent to Michele Place/American Dream (2021-08-27, $17,900,000) [businesswire.com]; Elizabeth, NJ (2021-10-21, $44,000,000) [businesswire.com]; Newark ~10-acre industrial parcel ($17,300,000) [re-nj.com]; Carlstadt 3 properties $13.5M (2017) and 2 buildings 90,000 SF on 3.2 ac $9.9M [rebusinessonline.com]. Dispositions: South Brunswick $144M [njbiz.com]; Fairfield, NJ $8.8M (2026-09-28); Newark $29.8M. INFERRED: infill Northern NJ, small/mid buildings and IOS/land, all-cash.",yes,3,https://www.businesswire.com/news/home/20210830005094/en/Terreno-Realty-Corporation-Acquires-Property-in-Carlstadt-NJ-for-17.9-Million/,,A1_public_reits.jsonl,0
Advance Realty Investors,ADVANCE REALTY INVESTORS,,developer-holder,,,,,https://advancere.com,,,,,,,,,,,,,,,,,,,,,med,JV partner of Camber Real Estate Partners on Northern NJ multi-building industrial portfolios: Allendale NJ 7-building portfolio (advancere.com press release) and Mahwah NJ 3-building industrial portfolio (NJBIZ). Years/prices not shown in results. INFERRED: Bergen County multi-tenant/flex portfolio buyer with JV equity; HQ not shown in results.,yes,2,https://advancere.com/camber-real-estate-partners-and-advance-realty-acquire-seven-building-portfolio-in-allendale-n-j/,,A7_cold_lastmile_smallbay.jsonl,0
Alterra IOS,ALTERRA IOS,Alterra Property Group,IOS specialist,,,,,https://ios.alterraproperty.com,,,,,,,IOS; truck terminals; IOS sites with accompanying warehouse/maintenance buildings,dense infill logistics and transportation gateways (national); NJ footprint incl. Morris and Gloucester counties per re-nj,,,,portfolio,"acquiring prime IOS locations within dense, infill logistics and transportation gateways",https://www.globenewswire.com/news-release/2025/07/22/3119728/0/en/alterra-ios-acquires-12-property-43-acre-industrial-outdoor-storage-portfolio.html,2025-07-22,,,,,,med,"Vertically integrated IOS investor/developer/operator; press-release boilerplate describes strategy as mission-critical IOS near infrastructure powering freight movement, equipment storage, fleet parking and last-mile. NJ footprint stated at 15 properties after Mar-2025 buys; re-nj.com notes sites in Morris and Gloucester counties within ~500 locations nationwide. NJ deals seen: Swedesboro 223 Paulsboro Rd 4.9 usable ac (2025); Paulsboro 189 Dominic Ln 2.1 usable ac (2025). Also bought a 10-property national truck terminal portfolio (~45 usable ac, 455 drive-in doors, 238,000 SF) and a 12-property 43.3-ac portfolio (2025-07). INFERRED: targets small sites (2-10 usable acres) with modest buildings, bought singly or in multi-site portfolios. Alterra NJ deals seen are in Gloucester County (outside the in-scope counties) but re-nj cites Morris County sites too.",yes,2,https://www.globenewswire.com/news-release/2025/07/22/3119728/0/en/alterra-ios-acquires-12-property-43-acre-industrial-outdoor-storage-portfolio.html,,A6_ios_truck.jsonl,0
"Americold Realty Trust, Inc.",AMERICOLD REALTY TRUST,,REIT,,Atlanta,GA,,americold.com,,,,,,,temperature-controlled (cold storage) warehouses,Northeastern United States,,,public REIT,portfolio | all-cash,expand its operating footprint in the Northeastern United States,https://www.sec.gov/Archives/edgar/data/1455863/000162828020013141/a8312020pressrelease.htm,2020-08-31,,,,,,high,"No published acquisition criteria found; INFERRED: buys cold-storage operators/portfolios near ports and population centers rather than single dry warehouses. NJ deals: Hall's Warehouse Corp. (South Plainfield) - 8 Northern NJ facilities, 58M cubic feet, 200,000 pallet positions, 220 customers, 95% occupied, all within 30 miles of Port Newark, $480,000,000 (closed 2020-11-02) [re-nj.com, rebusinessonline.com, costar.com]; Agro Merchants Group $1.74B (2020) included a Vineland, NJ facility [rebusinessonline.com]. CoStar: chairman targeted by activist investor. Acquisitions-head search blocked by search budget. | NJ deals: South Plainfield NJ-based Hall's Warehouse Corp portfolio, 8 facilities in Northern NJ, 58M cu ft, 200,000 pallet positions, 220 customers, 95% occupied, all within 15 miles of each other and 30 miles of Port of Newark (2020, $480,000,000; in-place net entry NOI yield 6.3%; Hall's also provides transportation). Press release filed as 8-K exhibit (Aug 31 2020). Trade press (Loadstar/CPE) notes Americold targets stabilized development yields of 8-10%. Also bought a cold storage portfolio for $170M (2024-10, location not shown) and a 2026 8-K outlines an EQT JV, deleveraging plan and 2026 guidance. INFERRED: acquires operating cold-storage portfolios/companies (operator M&A) near ports; portfolio structure.",yes,2,https://re-nj.com/cold-storage-reit-acquires-south-plainfield-owner-operator-for-480-million/,,A1_public_reits.jsonl;A7_cold_lastmile_smallbay.jsonl,1
Barings Real Estate,BARINGS REAL ESTATE,MassMutual,open-end fund,,,,,https://www.barings.com,,,,,,,infill shallow-bay / multi-tenant industrial; new and renovated bulk warehouse; IOS (via Brennan partnership),Northern NJ infill (Morris County); Avenel/Woodbridge,stabilized,core-plus,insurance,JV with operator; all-cash; programmatic,Barings continues to target high-quality infill industrial assets,https://www.barings.com/us/guest/news/press-releases/barings-vision-real-estate-partners-acquire-melanie-lane-industrial-portfolio,2021-10,Payton Larson,Director and Acquisitions Officer,,,,high,"Quote is from Payton Larson in Barings press release. NJ deals seen: Melanie Lane Industrial Portfolio, Morris County, 3 shallow-bay buildings ~167,000 SF, JV with Vision Real Estate Partners (2021); Avenel pair 175,182 SF renovated + 198,854 SF new, $65M (2018); lender $86.2M bridge on Bridge Point Bayonne 355,580 SF (2024). Brennan/Barings IOS partnership secured $150M.",yes,2,https://www.barings.com/us/guest/news/press-releases/barings-vision-real-estate-partners-acquire-melanie-lane-industrial-portfolio,,A2_institutional_core.jsonl,0
Elion Partners,ELION PARTNERS,,closed-end PE,,,,,,,,,,,,last-mile logistics / infill industrial,core infill coastal markets with supply constraints; Northeast; Northern NJ near Newark Liberty International Airport,,,,,"investing in core, infill coastal markets with supply constraints, positive growth and demographic demand drivers",https://www.businesswire.com/news/home/20210301005667/en/Elion-Partners-Expands-Last-Mile-Portfolio-with-207000-Sq.-Ft.-Acquisition-in-New-Jersey,2021-03-01,,,,,,high,"Private equity real estate firm; stated plan to 'continue growing its logistics portfolio across the Northeast'. NJ deals: Elizabeth NJ, 1000 Jefferson Ave, 207,000 SF one/two-story masonry warehouse near Newark Liberty Int'l Airport, built 1942, 16-20 ft ceilings, 38 exterior docks, 437 parking spaces, solar (2021-03, $29,700,000; CPE); NJ assets within 10-asset, 1.2M SF, $245,000,000 last-mile portfolio across NJ, Los Angeles, Miami, Seattle, San Diego (2022-01, BusinessWire/IPE). Also Queens NY 180,000 SF (2021-04) and Fort Lauderdale 180,000 SF (2020-12). INFERRED: accepts older, low-clear (16-20 ft) infill product in port/airport-adjacent locations; buys one-off and portfolio; ~200,000 SF range in NJ.",yes,2,https://www.businesswire.com/news/home/20210301005667/en/Elion-Partners-Expands-Last-Mile-Portfolio-with-207000-Sq.-Ft.-Acquisition-in-New-Jersey,,A7_cold_lastmile_smallbay.jsonl,0
EQT Exeter,EQT EXETER,EQT AB,closed-end PE,,Radnor,PA,,https://eqtexeter.com,,,,,,,light industrial; mid-bulk warehouse; bulk and last-mile industrial,Southern NJ I-295 corridor; Northeast coastal markets,stabilized,core-plus,closed-end fund,portfolio; all-cash,"acquire primarily stabilized, income-oriented commercial real estate in the industrial sector across the United States","https://news.cision.com/eqt/r/eqt-exeter-real-estate-income-trust-announces-two-industrial-acquisitions-totaling-over--245m,c4025601",,,,,,,high,"Quote is the EQT Exeter Real Estate Income Trust (EQRT, non-traded REIT) strategy; EQT Exeter value-add funds also 'build multi-billion dollar industrial property portfolios composed of warehouse properties of all sizes' (eqtgroup.com). NJ deals seen: Southern NJ 9-building ~2M SF master-planned park, $308.7M (2026; clear heights 24-33 ft, Amazon/DHL/NFI); 4 NJ assets within $575M Mapletree 25-property portfolio (2026). HQ Radnor PA per delco.today. No Northeast acquisitions head surfaced.",yes,2,https://re-nj.com/mapletree-sells-four-new-jersey-industrial-assets-in-multistate-575-million-deal-with-eqt/,,A2_institutional_core.jsonl,0
FreezPak Logistics,FREEZPAK LOGISTICS,,owner-user,,Carteret,NJ,,https://www.freezpak.com,,,,,,,,,,,,,,,,,,,,,med,"Family-owned, founded 2001, Carteret NJ-based temperature-controlled 3PL. NJ deals: Elizabeth NJ ~140,000 SF automated (ASRS, 12 robots) freezer warehouse ~5 miles from Port Newark-Elizabeth Marine Terminal, 10.5M cu ft, 18 docks, 30,000 pallet positions, co-developed with Elberon and Fidelco, opened ~Q4 2021/completed 2022 (FreightWaves, ROI-NJ, re-nj; NAIOP NJ Industrial Deal of the Year); second fully automated Elizabeth NJ facility with Saoud Development (refrigeratedfrozenfood.com). Also $116M North Jacksonville FL facility (2022). INFERRED: expands via co-development/partnership with NJ developers near the port; ownership may be partner-held rather than fee-simple; target Port Newark-Elizabeth submarket.",yes,2,https://www.freightwaves.com/news/cold-chain-provider-freezpak-logistics-announces-port-elizabeth-site,,A7_cold_lastmile_smallbay.jsonl,0
GLP Capital Partners (GCP),GLP CAPITAL PARTNERS GCP,Ares Management (pending/completed acquisition),closed-end PE,,,,,https://www.glpcp.com,,,,,,,single-story warehouse/distribution; Class B rail-served; logistics/e-commerce,Northeast Corridor; Somerset (I-287/Exit 10); Exit 8A (Monroe),either,value-add,closed-end fund,all-cash,buy and operate warehouses tied to logistics and e-commerce,https://www.roi-nj.com/2021/10/26/real_estate_development/glp-capital-partners-buys-143670-sq-ft-industrial-facility-in-somerset/,2021-10-26,,,,,,med,"GCP closed a $2.3B fund focused on logistics in key U.S. markets incl. the Northeast Corridor (ROI-NJ 2021). NJ deals seen: 2301 Cottontail Lane, Somerset 143,670 SF on 9 acres (2021); 34 Engelhard Dr, Monroe Twp 203,000 SF Class B built 1980, rail-served, $53.8M from Clarion (2023). Sold a $110M industrial facility. Platform being absorbed by Ares (see Ares row). No Northeast acquisitions head surfaced.",yes,2,https://www.roi-nj.com/2021/10/26/real_estate_development/glp-capital-partners-buys-143670-sq-ft-industrial-facility-in-somerset/,,A2_institutional_core.jsonl,0
Longpoint Realty Partners LP,LONGPOINT REALTY PARTNERS,,closed-end PE,,Boston,MA,"East Rutherford, NJ (Longpoint Property Group office per LoopNet; street not shown)",https://longpoint.com,,,,,,,infill industrial warehouses; logistics (also retail),supply-constrained infill locations in major U.S. markets,,value-add,closed-end fund,,acquires infill industrial warehouses at attractive prices to execute value-add strategies,https://www.gbreb.com/GBREBDocs/REFA/2019/Resources2/LongpointAnalyst.pdf,2019,,,,,,med,"Privately held real estate PE firm est. 2015; strategy: acquire underperforming industrial and retail in major US markets and execute physical repositioning, adaptive reuse and development, emphasis on logistics in supply-constrained infill locations (firm descriptions via GBREB analyst posting, Thesis Driven, FLAIA). Fund II closed at $669M (CPE). NJ deals: Montville Industrial Park, 7 buildings off Route 46, 445,000+ SF, bought from First Industrial (year not shown, $81,800,000; re-nj/CoStar); Totowa 13-building 506,723 SF portfolio (June of same year; C&W arranged). INFERRED: multi-building small-bay/multi-tenant industrial parks 400,000-500,000 SF aggregate in Morris/Passaic counties; value-add.",yes,2,https://www.gbreb.com/GBREBDocs/REFA/2019/Resources2/LongpointAnalyst.pdf,,A7_cold_lastmile_smallbay.jsonl,0
Nuveen Real Estate,NUVEEN REAL ESTATE,TIAA,open-end fund,,,,,https://www.nuveen.com,,,,,,,light industrial; infill; bulk distribution; cold storage,Northern NJ (Morris County); resilient U.S. cities,stabilized,core,open-end fund,JV; all-cash; portfolio,"core, institutional quality industrial assets in resilient U.S. cities with a strategic emphasis on light industrial",https://www.nuveen.com/global/investment-capabilities/real-estate/us-cities-industrial,,Louis T. Bauer,Head of U.S. Industrial (formerly Head of U.S. Industrial Transactions),,,,med,"U.S. Cities Industrial strategy: light industrial, bulk distribution and cold storage sub-sectors; overweight light industrial and Sunbelt. Bauer: 96M SF across 34 markets; closed 58M SF / >$6B since 2018 (nuveen.com bio). NJ deals seen: 1 Cory Road, Morris Twp 296,000 SF, $55M all-cash JV with Taconic Partners (2021); $3B Blackstone industrial portfolio (2019); lender on 215,000 SF North Bergen asset ($28M).",yes,2,https://re-nj.com/taconic-nuveen-acquire-296000-sq-ft-morris-twp-warehouse-for-55-million/,,A2_institutional_core.jsonl,0
Outpost,OUTPOST,,IOS specialist,,,,,https://outpost.us,,,,,,,truck parking; fleet terminals; truck terminals with maintenance buildings; container/trailer yards,,,,,,,,,,,,,,med,"Truck parking developer/operator offering reservable shared-terminal truck parking (Transport Topics, Overdrive). Mar-2026 added five locations incl. its first northeastern US site: 90 Kingsland Ave, Clifton NJ (Passaic Co.), 7.1 acres with 9,667 SF maintenance facility + 1,131 SF office, 8 mi from Lincoln Tunnel, 13 mi from Port Newark Container Terminal. Apr-2026 (IOS Daily): bought 12.65-acre truck terminal at 873-915 Delancy St, Newark NJ - new 25,000 SF warehouse, 18 dock doors, 1 drive-in, 300+ paved container/trailer spaces; described as its 2nd truck terminal acquisition in the NY/NJ corridor in six months. INFERRED: owner-operator buying 7-15 acre paved truck terminals/parking sites near Port Newark and Hudson River crossings; both NJ buys dated 2026 (already covered by local deal data).",yes,2,https://news.ioslist.com/p/april-8-outpost-buys-truck-terminal-ios-newark-new-jersey,,A6_ios_truck.jsonl,0
"STAG Industrial, Inc.",STAG INDUSTRIAL,,REIT,,Boston,MA,,stagindustrial.com,,,5000000,50000000,,,"warehouse/distribution; light manufacturing; Class A or B, all construction types; single- and multi-tenant",all US markets (CBRE-EA Tier 1 industrial markets emphasized); NJ deals in Piscataway and Westampton,either,,public REIT,,"single and multi-tenant buildings (100% occupied, partially vacant & vacant), warehouse/distribution and light manufacturing use",https://www.stagindustrial.com/acquisitions/,,Ryan Delaney,"Senior Vice President, Acquisitions - Northeast Region",rdelaney@stagindustrial.com (shown on stagindustrial.com/acquisitions; pattern: first-initial+last@stagindustrial.com),"617-226-4959 (Delaney, per stagindustrial.com/acquisitions); CIO Mike Chase 617-226-4958",,high,"Criteria page also states 'all lease terms and credit profiles' and Class A or B buildings; purchase-price band $5M-$50M per individual asset comes from STAG SEC filings (S-11 2010 / 10-K FY2014) and may be dated. CIO: Michael C. Chase, EVP & Chief Investment Officer (promoted 2020, mchase@stagindustrial.com). NJ deals seen: Piscataway 101,381 SF warehouse (2023-04-24, $26,660,000; counsel Sherin and Lodgen) [sec.gov Q4-2023 release, sherin.com, commercialsearch.com]; Westampton 563,000 SF Class A warehouse (2022-09) [stagindustrial.com/news]. 2023 total: 16 buildings, 2,162,321 SF, $322,014,000.",yes,2,https://www.stagindustrial.com/acquisitions/,,A1_public_reits.jsonl,0
AEW Capital Management,AEW CAPITAL MANAGEMENT,Natixis Investment Managers,open-end fund,,,,,https://www.aew.com,,,,,,,cold storage conversions (with Scout Capital); bulk warehouse,South Jersey I-295 (Greenwich Twp); Carteret/Port,stabilized,core-plus,open-end fund,JV; programmatic (cold storage JV with Scout Capital Partners),,,,,,,,,med,"NJ deals seen: Exit 17 Distribution Center, Greenwich Twp (Gloucester Co.) 331,768 SF new building converted to cold storage, 100% leased to two cold storage users, JV with Scout Capital Partners (2021; aew.com release); 200 Middlesex Ave, Carteret bought 2016 for $50M (Continental Terminal 406K SF lease extended). INFERRED: cold-storage JV program is the active NJ angle; no published SF/price box.",yes,1,https://www.aew.com/news/2021/aew-purchases-a-new-industrial-property-to-be-converted-to-cold-storage-facility,,A2_institutional_core.jsonl,0
BGO (BentallGreenOak),BGO BENTALLGREENOAK,Sun Life Financial,open-end fund,,,,,https://bgo.com,,,,,,,cold storage development (RL Cold JV); bulk warehouse,Burlington County (Mount Laurel),,value-add,open-end fund,JV; development,,,,,,,,,med,"NJ: JV with RealtyLink's RL Cold broke ground on 215,766 SF speculative cold storage at 907 Pleasant Valley Ave, Mount Laurel (12-acre former office site). BGO Industrial REIT (2023) bought interest in 9.4M SF portfolio then deregistered with SEC. INFERRED: NJ activity is development JVs rather than stabilized small-bay purchases.",yes,1,https://www.commercialsearch.com/news/rl-cold-bgo-break-ground-on-philly-area-cold-storage-facility/,,A2_institutional_core.jsonl,0
Blackstone Real Estate (BREIT / BREP),BLACKSTONE REAL ESTATE BREIT BREP,Blackstone Inc.,open-end fund,,,,,https://www.blackstone.com,,,,,,,industrial/logistics portfolios; sale-leaseback industrial,Northern New Jersey (portfolio-level),stabilized,core-plus,open-end fund,portfolio; sale-leaseback; all-cash,continue to pursue compelling opportunities to acquire high-quality income-generating assets,https://www.creherald.com/iron-mountain-sells-13-industrial-facilities-to-blackstone-for-358m/,,David Levine,"Senior Managing Director, Blackstone Real Estate (quoted on BREIT industrial acquisition)",,,,med,"BREIT bought 13 Iron Mountain industrial facilities (2.1M SF; CA, northern NJ, Lehigh Valley) for $358M in a sale-leaseback. Also a net seller of NJ industrial 2023-2024 ($208M NJ portfolio; $246M NY/NJ sale; $3.1B Prologis sale 2023). Executes NJ acquisitions through Link Logistics (see separate row). INFERRED: primarily large portfolio/platform buyer; single-asset sub-250K SF NJ deals go through Link.",yes,1,https://www.creherald.com/iron-mountain-sells-13-industrial-facilities-to-blackstone-for-358m/,,A2_institutional_core.jsonl,0
Catalyst Investment Partners,CATALYST INVESTMENT PARTNERS,,IOS specialist,,,,,https://www.catalystios.com,,,,,,,"small, flexible IOS properties",high-barrier-to-entry markets incl. Northern New Jersey (12 markets nationally),,,,portfolio,"small, flexible IOS properties in irreplaceable locations that can be leased to credit tenants",https://www.citybiz.co/article/881137/catalyst-investment-partners-acquires-181-million-in-ios-properties-during-first-half-of-2026/,2026,,,,,,high,"Investment manager focused exclusively on IOS (acquisition, management, leasing). H1-2026: completed $181M of IOS acquisitions - 34 separate properties totaling 458,824 SF of building area across 12 high-barrier markets including Northern New Jersey (avg ~$5.3M and ~13,500 SF building per property). Secured $281M acquisition financing for a national IOS portfolio (REBusinessOnline/IREI). Featured in Bisnow Studio B (New York). NJ deal seen: Camden, 1435 River Ave, 12-acre site (2026; Camden County, outside in-scope counties) - press release also cites Northern NJ as a target market. INFERRED: buys many small single-tenant IOS sites (roughly 1-12 acres, small buildings) in infill Northern NJ for credit tenants.",yes,1,https://www.citybiz.co/article/881137/catalyst-investment-partners-acquires-181-million-in-ios-properties-during-first-half-of-2026/,,A6_ios_truck.jsonl,0
CPP Investments,CPP INVESTMENTS,Canada Pension Plan Investment Board,other,,,,,https://www.cppinvestments.com,,,,,,,logistics/industrial portfolios via Goodman North American Partnership,New Jersey industrial markets (GNAP),,,pension,JV (45/55 with Goodman),,,,,,,,,high,"GNAP (est. 2012, 45% CPP / 55% Goodman) built >16M SF in LA, Inland Empire and New Jersey; equity commitment raised to US$5.5B (2020). CPP sold its 45% stake to Norges Bank for $1.07B (completed 2025-01-01), realizing ~US$2.2B. INFERRED: CPP has exited its main NJ industrial vehicle; treat as unlikely NJ buyer absent a new platform.",unknown,1,https://www.cppinvestments.com/newsroom/cpp-investments-to-sell-stake-in-north-america-logistics-partnership-with-goodman-group/,,A2_institutional_core.jsonl,0
Elberon Development Group,ELBERON DEVELOPMENT GROUP,,developer-holder,,,,,,,,,,,,,,,,,,,,,,,,,,med,"CALL-LIST BUYER (quick fact only): Elberon and Fidelco joined FreezPak Logistics as co-developers of the ~140,000 SF automated freezer warehouse at the Newark-Elizabeth border near Port Elizabeth (opened ~Q4 2021; NAIOP NJ Industrial Deal of the Year) (re-nj; FreightWaves). Indicates appetite for cold-storage build-to-suit partnerships at the port.",yes,1,https://re-nj.com/elberon-fidelco-join-freezpak-to-open-new-freezer-warehouse-at-newark-elizabeth-border/,,A7_cold_lastmile_smallbay.jsonl,0
Gladstone Commercial Corporation,GLADSTONE COMMERCIAL CORPORATION,,REIT,,McLean,VA,,gladstonecommercial.com,,,5000000,50000000,,,single-tenant and anchored multi-tenant net-leased industrial (and office); mission-critical facilities,primary and secondary growth markets with strong underlying land value; Northeast region covered from HQ,stabilized,core,public REIT,sale-leaseback | build-to-suit | portfolio,single-tenant and anchored multi-tenant net leased industrial and office properties located in primary and secondary growth markets,https://www.gladstonecommercial.com/about-us/acquisition-investment,,EJ Wislar,Chief Investment Officer; Head of Northeast Region (sources net-lease acquisitions and sale-leasebacks in Northeast and Southeast),,,,high,"Criteria page: transaction size $5MM-$50MM; acquires stabilized assets from investors/developers, sale-leasebacks from users, build-to-suits with developers. NJ deal: Vineland + Bridgeton, NJ two-property industrial portfolio, 246,000 SF, $32,500,000, 7.2% GAAP cap (2022-08-05); Wislar quote: 'We are excited to expand the industrial portfolio in Southern New Jersey.' Also 693,236 SF industrial portfolio acquisition (location not shown). Both NJ assets are in Cumberland County (outside the 11 target counties).",yes,1,https://www.gladstonecommercial.com/about-us/acquisition-investment,,A1_public_reits.jsonl,0
Goldman Sachs Asset Management (Real Estate),GOLDMAN SACHS ASSET MANAGEMENT REAL ESTATE,Goldman Sachs Group,closed-end PE,,,,,https://am.gs.com,,,,,,,big-box warehouse (with Dalfen Industrial),Morris County I-80 (Roxbury),either,value-add,closed-end fund,JV with operator (Dalfen Industrial minority),,,,,,,,,med,"NJ: DG Roxbury Property Owner L.P. (GS real estate fund majority, Dalfen Industrial minority) owned 1879 Route 46, Roxbury 470,000 SF bought off-market Dec 2023; sold to DHS/ICE 2026 after two years vacant. Goldman: 'held in a real estate investment fund that we manage'. INFERRED: opportunistic/value-add fund capital behind operators; no published box.",yes,1,https://therealdeal.com/texas/2026/02/24/goldman-dalfen-venture-sells-new-jersey-warehouse-to-ice/,,A2_institutional_core.jsonl,0
Goodman Group (Goodman North America),GOODMAN GROUP GOODMAN NORTH AMERICA,Goodman Group (ASX: GMG),developer-holder,,,,,https://us.goodman.com,,,,,,,high-quality logistics and industrial property; stabilized portfolios; land for development,New Jersey industrial markets (with Los Angeles and Inland Empire),stabilized,core,sovereign,JV (55% Goodman / 45% capital partner); portfolio; development,invest in high-quality logistics and industrial property in key North American markets,https://www.cppinvestments.com/newsroom/cpp-investments-to-sell-stake-in-north-america-logistics-partnership-with-goodman-group/,2024-12,,,,,,high,"Operator/asset manager of the Goodman North American Partnership (48 buildings + 5 land plots in SoCal, NJ, PA; $3.265B value). Capital partner changed from CPP Investments to Norges Bank IM (45%) on 2025-01-01; Goodman retains 55% and asset management. GNAP equity commitments reached US$5.5B (2020). INFERRED: NJ buying is at portfolio/development scale with its sovereign partner.",yes,1,https://www.nbim.no/en/news-and-insights/the-press/press-releases/2025/fund-makes-new-investment-in-us-logistics/,,A2_institutional_core.jsonl,0
Hines,HINES,,closed-end PE,,,,,https://www.hines.com,,,,,,,multi-tenant port-centric warehouse portfolio,Port Newark-Elizabeth (Newark Ironbound/Ferry Street),stabilized,core-plus,closed-end fund,all-cash with acquisition loan; portfolio,,,,,,,,,med,"Equity source likely closed-end value-add fund (hines.com property URL under 'husprf' = Hines U.S. Property Recovery Fund). NJ: Newark Distribution Center, 397-447 Ferry St, 400 Ferry St & 100 Christie St, 3 buildings 715,936 SF, $127.4M from Turnbridge/Long Wharf (Dec 2022; SMBC $75.8M loan); 100% leased to 15 tenants; first Hines East Region industrial acquisition (held in Hines U.S. Property Recovery Fund per hines.com URL 'husprf'). Hines Global Income Trust bought $309M of East Coast industrial. INFERRED: port-adjacent multi-tenant value-add/core-plus.",yes,1,https://www.hines.com/news/hines-acquires-three-building-industrial-portfolio-in-new-jersey,,A2_institutional_core.jsonl,0
Industrial Logistics Properties Trust,INDUSTRIAL LOGISTICS PROPERTIES TRUST,The RMR Group (external manager),REIT,,Newton,MA,,ilptreit.com,,,,,,,,,,,public REIT,JV | portfolio,,,,,,,,,low,"No criteria text captured (strategy page ilptreit.com/about-us/strategy exists but content not returned). Acquired Holmdel, NJ-based Monmouth Real Estate Investment Corp. (NYSE: MNR) for ~$4.0B all-cash ($21/share), closed 2022-02; added 126 Class A single-tenant properties, 26M+ SF, ~8-yr WALT, >80% investment-grade tenants (FedEx, Home Depot, Mercedes-Benz, Ulta); simultaneously formed JV with institutional investor for 95 MNR properties (investor 39% for ~$587M, ILPT 61%). Results state the MNR portfolio included NJ properties but specific NJ assets were not itemized. INFERRED: large single-tenant Class A net-leased distribution, investment-grade tenants, portfolio/JV structures; not a small-bay buyer. Sources: ilptreit.com press release 2022, roi-nj.com 2021-11-05, rebusinessonline.com.",yes,1,https://www.ilptreit.com/investors/news/press-release-details/2022/Industrial-Logistics-Properties-Trust-Completes-Acquisition-of-Monmouth-Real-Estate-Investment-Corporation/default.aspx,,A1_public_reits.jsonl,0
Industrial Outdoor Ventures,INDUSTRIAL OUTDOOR VENTURES,,IOS specialist,,Chicago,IL,,http://www.industrialoutdoor.com,,,2000000,50000000,,,truck terminals (LTL or TL); equipment maintenance facilities; contractor/supplier bulk material yards; transload facilities; container/trailer yards; heavy equipment dealer and rental facilities; bus parking; fleet/route facilities; industrial land for ground-up IOS,infill locations within top 20 MSAs; port locations; interstate access; intermodal; airport proximity; high barriers to entry,either,value-add,,portfolio; sale-leaseback; build-to-suit,"transactions ranging from $2 to $50 million or more, including single asset and portfolio transactions",http://www.industrialoutdoor.com/aquisition-criteria,,,,,,,med,"Established 2017; describes itself as the first national investor exclusively in outdoor storage facilities; focus on acquisition and long-term ownership of mission-critical IOS. Criteria page lists three investment types: speculative (vacant/soon-to-be-vacant assets needing minimal or significant physical value-add, incl. functionally challenged buildings for demo/rehab), ground-up construction on strategically located land where truck terminal/equipment parking demand is unmet, and stabilized long- or short-term leased assets one-off or in portfolios; will take leasing risk and do sale/leasebacks. hold_strategy column shows value-add but firm also buys stabilized (core) assets. NJ deal seen: Edison, 75 Glendale Ave - 8 acres outdoor storage + 35,729 SF maintenance building, its first NJ acquisition (NAI James E. Hanson brokered; year n/a). Also bought 14-property Ahern Rentals portfolio and 18 facilities in Inland Empire.",yes,1,http://www.industrialoutdoor.com/aquisition-criteria,,A6_ios_truck.jsonl,0
Ivanhoé Cambridge (La Caisse),IVANHO CAMBRIDGE LA CAISSE,CDPQ / La Caisse,other,,,,,https://www.ivanhoecambridge.com,,,,,,,"logistics development & acquisitions via platforms (IDI Logistics, GID Industrial, Sagard IOS JV)",Northern New Jersey (GID platform),,,pension,platform/JV; programmatic,,,,,,,,,med,"Pension capital that reaches NJ through operators: co-owns IDI Logistics with Oxford (bought from Brookfield for ~$3.5B, 2018-19); $2B industrial platform with GID that 'closed and committed to multiple acquisitions and developments in Northern New Jersey'; bought Evergreen Industrial ($1B); La Caisse/Sagard IOS JV (2026). INFERRED: does not buy sub-250K SF NJ assets directly; route is IDI, GID or Sagard.",yes,1,https://gid.com/gid-and-ivanhoe-cambridge-form-a-2-billion-industrial-portfolio/,,A2_institutional_core.jsonl,0
Jadian IOS (JIOS),JADIAN IOS JIOS,Jadian Capital,IOS specialist,,,,,https://jadianios.com,,,,,,,IOS,,,,,,,https://jadianios.com/acquisition-criteria/,,,,,,,low,"Discovered buyer (not on seed list). Publishes an 'Acquisition Criteria' page at jadianios.com (content not captured in search excerpts - worth pulling). re-nj.com: 'Jadian grabs 5.2-acre Somerset property in latest New Jersey industrial outdoor storage deal' and reports Jadian's IOS affiliate has secured hundreds of millions of dollars of financing from Blackstone for its fast-growing portfolio. NJ deal seen: Somerset (Franklin Twp, Somerset Co.) 5.2-acre IOS site (year n/a). INFERRED: active serial NJ IOS buyer of ~5-acre infill yards with institutional (Blackstone) debt.",yes,1,https://re-nj.com/jadian-grabs-5-2-acre-somerset-property-in-latest-new-jersey-industrial-outdoor-storage-deal/,,A6_ios_truck.jsonl,0
Morgan Stanley Real Estate Investing,MORGAN STANLEY REAL ESTATE INVESTING,Morgan Stanley,closed-end PE,,,,,https://www.morganstanley.com/im/en-us/institutional-investor/strategies/real-assets.html,,,,,,,multi-tenant light industrial portfolio; last-mile,Northern NJ (East Hanover / Morris County),stabilized,value-add,closed-end fund,JV with operator; portfolio,,,,,,,,,med,"Fund type not disclosed ('an investment fund managed by MSREI'). NJ deal seen: 7-building, 1.2M SF light industrial portfolio in East Hanover (901, 903-906, 601 Murray Rd & 151 Ridgedale Ave) from Urban Edge for $217.5M (2023), 13 tenants, avg 21 ft clear, with NJ-based operator Saxum Real Estate. Also active nationally (LAX last-mile $211M; Milpitas $84M). INFERRED: buys scaled multi-tenant light industrial with operating partner; no published box.",yes,1,https://www.jll.com/en-us/newsroom/jll-arranges-largest-industrial-sale-of-the-year-in-nj,,A2_institutional_core.jsonl,0
Norges Bank Investment Management,NORGES BANK INVESTMENT MANAGEMENT,Norges Bank (Government Pension Fund Global),other,,,,,https://www.nbim.no,,,,,,,stabilized logistics portfolios (via Goodman JV),New Jersey (within SoCal/NJ/PA Goodman portfolio),stabilized,core,sovereign,JV minority stake (45%); portfolio,acquired a 45 percent interest in a logistics portfolio in the US,https://www.nbim.no/en/news-and-insights/the-press/press-releases/2025/fund-makes-new-investment-in-us-logistics/,2025-01,,,,,,high,"Paid $1.07B for 45% of 48-building, 1.3M sqm Goodman North America portfolio (SoCal, NJ, PA; valued $3.265B; $888M debt) from CPP Investments; Goodman retains 55% and asset-manages. Earlier $1B Prologis US JV and $800M to Blackstone North American logistics fund. INFERRED: only portfolio-scale JV stakes with Goodman/Prologis.",yes,1,https://www.nbim.no/en/news-and-insights/the-press/press-releases/2025/fund-makes-new-investment-in-us-logistics/,,A2_institutional_core.jsonl,0
Peakstone Realty Trust,PEAKSTONE REALTY TRUST,,REIT,,El Segundo,CA,,pkst.com,,,,,,,industrial outdoor storage (IOS); industrial,infill IOS sites near major supply chains and population centers; NJ among redevelopment-site states,either,value-add,public REIT,portfolio | all-cash,"Industrial outdoor storage is characterized by favorable operating dynamics, significant supply constraints and minimal capital expenditure requirements",https://investors.pkst.com/investors/news/news-details/2024/Peakstone-Realty-Trust-Acquires-51-Property-Industrial-Outdoor-Storage-Portfolio/default.aspx,2024-11-04,,,,,,high,"Acquired 51-property IOS portfolio (45 operating + 6 redevelopment sites; 440 usable acres; 14 states) from Alterra IOS / J.P. Morgan Asset Management JV, off-market, $490,000,000; operating WALT 4.5 yrs, ~100% leased, ~70% mark-to-market. Redevelopment sites in WA, GA, PA and NJ (NJ site address not shown). CRE Daily headline references a $1.2B Brookfield buy of Peakstone (date not shown) - verify status before outreach. Hold strategy 'value-add' INFERRED from redevelopment/mark-to-market emphasis.",yes,1,https://investors.pkst.com/investors/news/news-details/2024/Peakstone-Realty-Trust-Acquires-51-Property-Industrial-Outdoor-Storage-Portfolio/default.aspx,,A1_public_reits.jsonl,0
"Property Reserve, Inc.",PROPERTY RESERVE,,other,,,,,,,,,,,,fully leased industrial building,New Brunswick area (Middlesex County),stabilized,core,balance sheet,all-cash,,,,,,,,,low,"Seen only as a CoStar headline: 'Property Reserve buys fully leased New Brunswick-area industrial building' (surfaced in Morgan Stanley NJ search). No criteria, price or SF captured. INFERRED: long-hold, all-cash core buyer of leased NJ industrial; verify entity and deal details before outreach.",yes,1,https://www.costar.com/article/1352060441/property-reserve-buys-fully-leased-new-brunswick-area-industrial-building,,A2_institutional_core.jsonl,0
PSP Investments,PSP INVESTMENTS,Public Sector Pension Investment Board (Canada),other,,Montreal,QC,,https://www.investpsp.com,,,,,,,cash-flowing logistics (Ares/Marq Logistics JV); development (Bridge Industrial JV),New Jersey (seed portfolio); California; Texas,stabilized,core-plus,pension,programmatic JV; portfolio,invest up to US$2.4B in U.S. logistics real estate,https://www.connectcre.ca/stories/psp-ares-launch-us2-4b-u-s-logistics-venture/,2026-09,,,,,,med,"Ares/PSP JV (Sept 2026) seeded with 14 properties, 5.2M SF in CA, TX and NJ; Ares' Marq Logistics sources and manages. Earlier PSP/Bridge Industrial US warehouse venture. Manages C$320.6B. HQ Montreal per TRD. INFERRED: NJ exposure via Ares and Bridge only.",yes,1,https://therealdeal.com/national/2026/09/18/psp-ares-join-forces-on-2-4b-logistics-investment/,,A2_institutional_core.jsonl,0
Ridgecut Road,RIDGECUT ROAD,,IOS specialist,,,,,,,,,,,,IOS,I-287 corridor / South Plainfield (Middlesex Co.),,,,,,,,,,,,,low,Discovered buyer (not on seed list). re-nj.com headline: 'Ridgecut Road expands IOS holdings with 8-acre site in South Plainfield' - indicates a repeat NJ IOS buyer with existing holdings. NJ deal seen: South Plainfield 8-acre IOS site (year n/a). No criteria page or executive names surfaced. INFERRED: regional IOS aggregator focused on Middlesex County yards.,yes,1,https://re-nj.com/ridgecut-road-expands-ios-holdings-with-8-acre-site-in-south-plainfield/,,A6_ios_truck.jsonl,0
RL Cold,RL COLD,RealtyLink LLC (division); programmatic JV with BGO (BentallGreenOak),developer-holder,,,,,,,,,,,,cold-storage warehouses (speculative development),,,,,JV,programmatic joint venture between RealtyLink and BGO focused on the development of cold-storage warehouses,https://www.commercialsearch.com/news/rl-cold-bgo-break-ground-on-philly-area-cold-storage-facility/,,,,,,,med,"NJ deal: Mount Laurel NJ (Burlington Co.) 215,766 SF speculative cold storage; -10F to 55F with four variable-temperature compartments, LEED; Greek Design|Build GC; $58,000,000 Manulife construction loan (2024-11, Commercial Observer); delivered fully available (CoStar). Other: Pender County NC $100M cold storage (2022). INFERRED: merchant/spec cold-storage developer with institutional (BGO) equity; buys development land, not existing buildings.",yes,1,https://www.commercialsearch.com/news/rl-cold-bgo-break-ground-on-philly-area-cold-storage-facility/,,A7_cold_lastmile_smallbay.jsonl,0
Sitex Group,SITEX GROUP,,developer-holder,,,,,,,,,,,,industrial; IOS conversion,I-287 corridor,,,,,,,,,,,,,low,"On broker's existing call list - quick new fact only, not researched: re-nj.com 'Sitex buys ex-Progressive facility off I-287, eyeing new use as industrial outdoor storage' (year n/a) - shows Sitex is converting conventional buildings to IOS. Timber Hill Group's CFO Sofia Michis previously handled Sitex industrial investments in NYC, NJ, Chicago and LA.",yes,1,https://re-nj.com/sitex-buys-ex-progressive-facility-off-i-287-eyeing-new-use-as-industrial-outdoor-storage/,,A6_ios_truck.jsonl,0
W. P. Carey Inc.,W P CAREY,,REIT,,New York,NY,,wpcarey.com,,,5000000,500000000,,,industrial; warehouse; select retail; other specialized single-tenant assets,U.S. and Europe (no NJ-specific target stated),stabilized,core,public REIT,sale-leaseback | build-to-suit | forward-purchase | portfolio,$5M to $500M,https://www.wpcarey.com/sites/default/files/2026-07/WPC_SLB_Factsheet_Q226.pdf,2026-07,Gino Sabatini,Head of Investments and Managing Director,,,,high,"Q2-2026 sale-leaseback factsheet: single-tenant, purchase price $5M-$500M, industrial/warehouse/select retail, US & Europe; typical lease terms 15-25 years; Nareit REITweek commentary cites mid-7% cap-rate targets. Sabatini quote (prnewswire): 'a trusted and reliable capital partner with the experience needed to efficiently execute on high-quality deals'. NJ: ~$100M purchase of a 209,000 SF colocation data center in Weehawken, NJ noted in results (date not shown) - data center, not warehouse; no NJ warehouse SLB surfaced. Transaction team page: wpcarey.com/about-us/transaction-teams.",unknown,1,https://www.wpcarey.com/sites/default/files/2026-07/WPC_SLB_Factsheet_Q226.pdf,,A1_public_reits.jsonl,0
Affinius Capital,AFFINIUS CAPITAL,USAA Real Estate / Square Mile Capital,other,,San Antonio,TX,,https://affiniuscapital.com,,,,,,,construction lending on bulk industrial; equity industrial (national),South Jersey I-295 (Pennsville); Burlington,,,insurance,construction loan; JV,,,,,,,,,med,"NJ activity seen is debt: $180M construction loan for Garden State Logistics Center, Pennsville 1.7M SF (PGIM/CTR); $102M for 700,000 SF Burlington industrial project; $69M mortgage Hudson Valley. HQ San Antonio per REBusinessOnline ('San Antonio-based USAA Real Estate'). No NJ equity acquisition found. INFERRED: lender rather than buyer for NJ industrial.",yes,0,https://rebusinessonline.com/affinius-capital-provides-180m-construction-loan-for-southern-new-jersey-industrial-project/,,A2_institutional_core.jsonl,0
"Alpine Income Property Trust, Inc.",ALPINE INCOME PROPERTY TRUST,,REIT,,Winter Park,FL,,alpinereit.com,,,,,,,freestanding single-tenant net-leased retail,,stabilized,core,public REIT,,"primarily freestanding, commercial retail real estate properties located in the United States",https://www.sec.gov/Archives/edgar/data/1786117/000155837023001074/pine-20221231x10k.htm,2023,,,,,,high,Retail-only strategy; H1-2026 acquired 4 properties for $46.8M (10-Q). No NJ or industrial activity surfaced. Drop for industrial product.,no,0,https://www.sec.gov/Archives/edgar/data/1786117/000155837023001074/pine-20221231x10k.htm,,A1_public_reits.jsonl,0
Arcadia Cold,ARCADIA COLD,,owner-user,,Atlanta,GA,,https://arcadiacold.com,,,,,,,,,,,,,,,,,,,,,med,"Third-party logistics provider HQ Atlanta GA; operates under a tenant model, leasing facilities developed by NJ-based Saxum Real Estate: Crown Point IN 323,000 SF on 26 acres (leased from Saxum), Jacksonville FL $87M / 333,725 SF (2023 groundbreaking; $68.3M acquisition loan via JLL; sold $111.76M 2025-04), Charleston SC. Fifth facility groundbreaking within a year per its own press release. No NJ facility surfaced in results. INFERRED: not a direct buyer of NJ real estate; the capital/development counterparty is Saxum Real Estate.",unknown,0,https://www.insideindianabusiness.com/articles/work-begins-on-crown-point-cold-storage-facility,,A7_cold_lastmile_smallbay.jsonl,0
Bay Grove Capital LLC,BAY GROVE CAPITAL,,other,,San Francisco,CA,,https://www.bay-grove.com,,,,,,,cold storage (via Lineage),,,,,,"Since 2008, Bay Grove has honed the process of buy and build with the exceptional team at Lineage",https://www.bay-grove.com/lineage,,Adam Forste; Kevin Marchetti,Co-Founders,,,,med,"Principal investment firm that formed Lineage Logistics (FleetOwner); founders Adam Forste and Kevin Marchetti (ex-Morgan Stanley) drove the roll-up; first frozen-food warehouse acquired Dec 2008, 100+ acquisitions since. Not a direct NJ property buyer; acts as sponsor/manager of Lineage. INFERRED: equity sponsor for operator M&A, not a bidder on individual NJ warehouses.",unknown,0,https://www.bay-grove.com/lineage,,A7_cold_lastmile_smallbay.jsonl,0
Brennan Investment Group,BRENNAN INVESTMENT GROUP,IOS partnership with Barings,closed-end PE,,,,,,,,,,,,IOS,,,,,JV,,,,,,,,,low,"Seed buyer; only one result surfaced before the search budget ran out: Commercial Property Executive 'Brennan, Barings Secure $150M for IOS Partnership' confirming a Barings-backed IOS strategy. No NJ IOS acquisition evidenced in results; NJ presence for the IOS program unverified. buyer_type INFERRED from JV/fund structure. Needs follow-up: Brennan IOS criteria, Northeast acquisitions lead, any NJ yards.",unknown,0,https://commercialsearch.com/news/brennan-barings-secure-150m-for-ios-partnership,,A6_ios_truck.jsonl,0
"Broadstone Net Lease, Inc.",BROADSTONE NET LEASE,,REIT,,Rochester,NY,,broadstone.com,,,5000000,300000000,,,"freestanding single-tenant net-leased industrial (primary), healthcare, restaurant, retail, office",US growth markets (no NJ target stated),stabilized,core,public REIT,sale-leaseback | portfolio | build-to-suit,$5M - $300M for individual or portfolio acquisitions,https://broadstone.com/investment-criteria/,,Will D. Garner,"Senior Vice President, Acquisitions (since 2024-03; previously head of industrial acquisitions)",,,"https://www.linkedin.com/in/kurtvoss (Kurt Voss, Director, Acquisitions - industrial focus)",med,"Investment-criteria page: portfolios may be significantly larger; initial lease terms 15-20 years; minimum remaining lease term 7-10 years; target ROE >10% (minimum 9.5%). Q3-2025 supplemental: only 3 NJ properties totaling 5,137 SF (non-industrial). Amy Tait listed as Executive Chairman & CIO in results (may be dated). No NJ industrial acquisition seen. INFERRED: NJ industrial fit only via long-term SLB with creditworthy tenant.",unknown,0,https://broadstone.com/investment-criteria/,,A1_public_reits.jsonl,0
Cabot Properties,CABOT PROPERTIES,,closed-end PE,,,,,https://www.cabotprop.com,,,,,,,,,,,closed-end fund,,,,,,,,,,low,"CALL-LIST BUYER - quick row only. Search summary reported Cabot criteria (50,000-500,000 SF per building, 20-36 ft clear, built after 1980, land 5-75 acres) but no result URL in the returned list carried that text, so criteria columns left blank; the cabotprop.com sweep could not run (search budget exhausted). Recent: bought three West Palm Beach warehouses from Dalfen (2026).",yes,0,https://commercialobserver.com/2026/02/cabot-properties-west-palm-beach-turnpike-logistics-center-dalfen-industrial/,,A2_institutional_core.jsonl,0
Columbia Pacific Advisors,COLUMBIA PACIFIC ADVISORS,,closed-end PE,,,,,,,,,,,,IOS,national key markets including New Jersey,,,,JV; portfolio,,,,,,,,,med,"Discovered capital partner (not on seed list). Formed a $360M national IOS joint venture with Criterion Group (Commercial Property Executive, IREI, citybiz); the JV landed $180M refinancing on a 34-property national IOS portfolio with assets in New Jersey. Acts as the institutional equity behind Criterion's Newark and other NJ IOS buys rather than a direct acquirer; approach via Criterion. buyer_type INFERRED.",yes,0,https://www.commercialsearch.com/news/columbia-pacific-criterion-group-form-360m-industrial-jv/,,A6_ios_truck.jsonl,0
CubeSmart,CUBESMART,,REIT,,Malvern,PA,,cubesmart.com,,,,,,,self-storage,,,,public REIT,,,,,,,,,,high,Self-storage REIT; results show no NJ industrial-building purchases. 10-K FY2023: acquired 1 NJ store for $22.0M (2023) and JV development of 1 NJ self-storage property; bought 2 South Jersey self-storage facilities (insideselfstorage.com). Only relevant as a conversion buyer of obsolete industrial/retail boxes. Public Storage and Extra Space: no NJ industrial purchases surfaced (not written).,no,0,https://www.sec.gov/Archives/edgar/data/1298675/000129867524000011/cube-20231231x10k.htm,,A1_public_reits.jsonl,0
Dream Industrial REIT,DREAM INDUSTRIAL REIT,Dream Unlimited Corp. (asset manager); GIC JV partner (90/10 Dream Summit Industrial LP),REIT,,Toronto,ON,,dream.ca,,,,,,,light industrial / logistics,,,,public REIT,JV | portfolio,,,,,,,,,low,Canadian-listed. Results only showed the C$5.9B Summit Industrial Income REIT take-private with GIC (closed 2023-02-17; Canadian assets). No New Jersey or US-Northeast holdings surfaced; US-portfolio search blocked by search budget. INFERRED: US exposure is Midwest-weighted; low NJ relevance.,unknown,0,https://dream.ca/wp-content/uploads/2022/11/Dream-Industrial-PR-Nov-7-Final.pdf,,A1_public_reits.jsonl,0
DWS Group / RREEF (RREEF Property Trust),DWS GROUP RREEF RREEF PROPERTY TRUST,DWS Group,open-end fund,875 Third Avenue,New York,NY,,https://www.rreefpropertytrust.com,,,,,,,multi-tenant warehouse/distribution,South Jersey I-295 (Logan Twp),stabilized,core,open-end fund,all-cash; expansion/build-to-suit,,,,,,,,,med,"NJ: Commerce Corner, Logan Twp (Gloucester Co.) 259,910 SF multi-tenant, bought 2014 for $19.75M; ~$29M 141,000 SF expansion in exchange for 15-year lease (construction from Q4 2023). RREEF Property Trust announced a plan of liquidation (2026). No 2019-2026 NJ acquisition seen; DWS core funds may still bid. INFERRED: unlikely active NJ buyer near term given RPT liquidation.",unknown,0,https://rebusinessonline.com/dws-group-to-undertake-141000-sf-industrial-expansion-project-in-southern-new-jersey/,,A2_institutional_core.jsonl,0
"EastGroup Properties, Inc.",EASTGROUP PROPERTIES,,REIT,,Ridgeland,MS,,eastgroup.net,,,,,,,multi-tenant industrial distribution (shallow-bay/last-mile),"major Sunbelt markets (FL, TX, AZ, CA, NC); no Northeast",either,,public REIT,,"development, acquisition and operation of industrial properties in major Sunbelt markets throughout the United States",https://www.reit.com/news/reit-magazine/march-april-2021/eastgroup-properties-shines-sun-belts-last-mile-leader,2021-03,,,,,,med,Sunbelt-only mandate; no NJ exposure per reit.com profile and eastgroup.net. Drop from NJ list.,no,0,https://www.reit.com/news/reit-magazine/march-april-2021/eastgroup-properties-shines-sun-belts-last-mile-leader,,A1_public_reits.jsonl,0
"Essential Properties Realty Trust, Inc.",ESSENTIAL PROPERTIES REALTY TRUST,,REIT,,Princeton,NJ,,essentialproperties.com,,,,,,,"single-tenant service-oriented and experience-based retail (car washes, early childhood education, restaurants)",,stabilized,core,public REIT,sale-leaseback,committed to the sale-leaseback transaction model with middle-market tenants,https://www.investing.com/news/transcripts/earnings-call-transcript-essential-properties-realty-trust-tops-q2-estimates-93CH-4809476,2026-07,,,,,,med,"NJ-headquartered but NOT an industrial buyer: Q2-2026 invested $332M across 36 transactions / 103 properties, avg $3.1M per property, 84% sale-leasebacks with middle-market (often non-IG) service tenants. Gregg Seibert is EVP & COO (not CIO). HQ street address not shown in results. Drop for warehouse product; possible fit only for owner-user SLB of small service-industrial.",no,0,https://www.investing.com/news/transcripts/earnings-call-transcript-essential-properties-realty-trust-tops-q2-estimates-93CH-4809476,,A1_public_reits.jsonl,0
"First Industrial Realty Trust, Inc.",FIRST INDUSTRIAL REALTY TRUST,,REIT,,Chicago,IL,New Jersey/Philadelphia regional office (address not shown in results),firstindustrial.com,,,,,,,distribution facilities; developable industrial land; single or multi-tenant,top 15 US logistics markets with coastal orientation; in-fill locations in primary industrial markets,either,,public REIT,sale-leaseback | portfolio,"in-fill locations in primary industrial markets, single or multi-tenant properties, fully/partially occupied or vacant buildings",https://www.firstindustrial.com/brokers,,John Hanlon,"Executive Director, New Jersey and Philadelphia office (leads Northeast investment strategy)",,,,med,"Brokers page also lists 'sale/leaseback opportunities, single buildings or entire portfolios, with emphasis on coastal markets'. 10-K FY2020: light industrial defined as <100,000 SF, 16-21 ft clear, 5-50% office; company seeks to shrink light-industrial/flex holdings over time (so small-bay is NOT a target). Corporate CIO: Johannson Yap (since 1997). No 2019-2026 NJ acquisition surfaced in results (1997 Punia Phase I portfolio, 697,778 SF, $39.2M, is historical). Press: pressreleasepoint.com (Hanlon appointment), investor.firstindustrial.com/management/johannson-yap.",yes,0,https://www.firstindustrial.com/brokers,,A1_public_reits.jsonl,0
Garden State Cold Storage,GARDEN STATE COLD STORAGE,Ruggiero Seafood (affiliate),owner-user,,,,,,,,,,,,,,,,,,,,,,,,,,med,"Affiliate of Ruggiero Seafood; Newark approved a ~160-ft-tall automated cold storage facility, 156,000 SF at 474 Wilson Avenue, Newark (Essex Co.) on a 7-acre property leased through Advance Industrial Group (Jersey Digs; NJBIZ). Development on ground-leased land, not a fee acquisition (count 0). INFERRED: port-adjacent Newark owner-user; site control via ground lease from Advance Industrial Group.",yes,0,https://jerseydigs.com/cold-storage-facility-newark/,,A7_cold_lastmile_smallbay.jsonl,0
GIC,GIC,Government of Singapore,other,,,,,https://www.gic.com.sg,,,,,,,logistics portfolios and platforms (debt and equity),,,,sovereign,mezzanine debt; JV; platform,,,,,,,,,low,"NJ exposure seen is indirect: $1B mezzanine loan in Blackstone's 2019 GLP US portfolio purchase (assets incl. two Cranbury NJ distribution centers); $1.6B build-to-suit development JV with Prologis; $1.5B US logistics venture; European logistics (P3, Apollo portfolio). No direct NJ asset acquisition found. INFERRED: participates via large JV/platform tickets only.",unknown,0,https://commercialobserver.com/2019/10/gic-mezz-loan-blackstone/,,A2_institutional_core.jsonl,0
"Global Net Lease, Inc.",GLOBAL NET LEASE,,REIT,,New York,NY,,globalnetlease.com,,,,,,,single-tenant mission-critical net-leased industrial/manufacturing (85% of 2021 acquisitions industrial),"United States, Western and Northern Europe (no NJ target stated)",stabilized,core,public REIT,sale-leaseback | portfolio,"single tenant, mission critical income producing net-leased assets",https://www.sec.gov/Archives/edgar/data/1526113/000110465920131761/tm2037606d1_ex99-1.htm,2020,,,,,,high,"2021: $497M of acquisitions (25 properties), 85% industrial in US/UK/Canada/Netherlands. Announced 2026-05-04 all-stock acquisition of Modiv Industrial (~$535M; 1.975 GNL shares per MDV share; close expected Q3 2026) - adds manufacturing SLB portfolio. No NJ industrial deal surfaced. Acquisitions-head search was blocked by search budget.",unknown,0,https://www.sec.gov/Archives/edgar/data/1526113/000110465920131761/tm2037606d1_ex99-1.htm,,A1_public_reits.jsonl,0
Granite Real Estate Investment Trust,GRANITE REAL ESTATE INVESTMENT TRUST,,REIT,,Toronto,ON,,granitereit.com,,,,,,,modern logistics/distribution; flex industrial,,,,public REIT,portfolio | JV,,,,,,,,,med,"Canadian-listed with US holdings. NJ: majority interest in a flex industrial property in Logan, NJ (Gloucester County, outside target counties) acquired 2013-02 together with Savannah, GA (713,040 SF combined, US$39.8M) [prnewswire.com]. 2026-01-14: announced C$292M acquisitions / C$190M dispositions [businesswire.com]; separate release cites 5 US income-producing properties, ~1.2M SF, US$185.7M (locations not shown). No 2019-2026 NJ deal surfaced.",yes,0,https://www.prnewswire.com/news-releases/granite-reit-announces-two-property-acquisitions-in-the-united-states-191098861.html,,A1_public_reits.jsonl,0
Heitman,HEITMAN,,open-end fund,,,,,https://www.heitman.com,,,,,,,,,,,open-end fund,,,,,,,,,,low,No NJ industrial found. First US industrial acquisition was Norfolk VA (300K SF); Diamond Hill Distribution Center Norfolk 720K SF with Lovett Industrial. Also self-storage platforms. Site-limited NJ follow-up search could not run (search budget exhausted).,unknown,0,https://www.connectcre.com/stories/heitman-acquires-300k-sf-industrial-asset-in-norfolk/,,A2_institutional_core.jsonl,0
Iron Mountain Incorporated,IRON MOUNTAIN INCORPORATED,,REIT,,Portsmouth,NH,"NJE-1 data center: 3003 Woodbridge Ave, Edison, NJ (facility)",ironmountain.com,,,,,,,data centers; records-storage facilities,,,,public REIT,,,,,,,,,,low,"Not an industrial-warehouse buyer in results. NJ: Edison NJE-1 data center, 830,000 SF / 25.6 MW on 43-acre campus, acquired 2018-01 via $1.34B purchase of IO Data Centers US operations (pre-window); room for additional capacity. INFERRED: would consider industrial land/buildings only for data-center conversion or records storage. Low priority for warehouse product.",unknown,0,https://www.datacentermap.com/usa/new-jersey/edison/iron-mountain-nje-1/,,A1_public_reits.jsonl,0
J.P. Morgan Asset Management (Zenith IOS JV),J P MORGAN ASSET MANAGEMENT ZENITH IOS JV,JPMorgan Chase,open-end fund,,,,,https://am.jpmorgan.com,,,,,,,industrial outdoor storage (IOS),,,core-plus,open-end fund,JV; programmatic,seeking to purchase approximately $700 million of IOS sites across the United States,https://nyrej.com/zenith-ios-j-p-morgan-asset-management-close-second-700m-jv,,,,,,,med,"Institutional investors advised by JPMAM back Zenith IOS (operator). Two programmatic JVs (~$700M each); ~100 IOS properties across 33 markets; GAV >$1.5B; $215M credit facility (KeyBank/Truist, 2026) and $130M refi (2026). No NJ-specific site confirmed in results; a Zenith-NJ follow-up search could not run (search budget exhausted). INFERRED: buys IOS/truck parking sites nationally through Zenith.",unknown,0,https://nyrej.com/zenith-ios-j-p-morgan-asset-management-close-second-700m-jv,,A2_institutional_core.jsonl,0
Karis Cold,KARIS COLD,,developer-holder,,Naples,FL,,https://kariscold.com,,,,,,,"cold storage facilities (develop, build, own for operators and users)",,,,,,"develops, builds, and owns cold storage facilities for operators and users",https://construction-today.com/news/how-karis-cold-delivers-modern-facilities-to-meet-increasing-demand-for-temperature-controlled-storage/,,,,,,,med,"Based in Naples FL with satellite offices in suburban Chicago and Denver; serves 15+ US markets with a development pipeline over $900M (Construction Today). Jacksonville FL cold storage project (2023, jaxdailyrecord; DSI Group GC). winter.com lists 'Karis Cold Industrial' among its investments (capital-partner relationship implied, not confirmed). Company LinkedIn page: https://www.linkedin.com/company/karis-cold . NAIOP 2024 I.CON Cold Storage speaker roster includes Karis. No NJ project surfaced in results. INFERRED: build-to-suit/spec cold-storage developer-owner; would be a land/site buyer rather than a buyer of existing dry warehouses.",unknown,0,https://construction-today.com/news/how-karis-cold-delivers-modern-facilities-to-meet-increasing-demand-for-temperature-controlled-storage/,,A7_cold_lastmile_smallbay.jsonl,0
LaSalle Investment Management,LASALLE INVESTMENT MANAGEMENT,JLL,open-end fund,,,,,https://www.lasalle.com,,,,,,,infill industrial; multi-property portfolios,NY Metro infill (Long Island deal with NJ-based Camber),stabilized,core-plus,open-end fund,JV with operator; portfolio; off-market,,,,,,,,,low,"NJ-specific acquisition not found yet. Seen: JV with NJ-based Camber Real Estate Partners buying 270,690 SF 3-property Long Island infill portfolio (Inwood/Amityville, 2026, off-market, 100% leased); $495M strategic industrial partnership with QuadReal. INFERRED: likely to pursue NJ infill with Camber. Site-limited NJ follow-up search could not run (search budget exhausted).",unknown,0,https://www.prnewswire.com/news-releases/lasalle-investment-management-and-camber-real-estate-acquire-new-york-metro-three-property-infill-industrial-portfolio-302866934.html,,A2_institutional_core.jsonl,0
"Lineage, Inc.",LINEAGE,Bay Grove Capital (founding sponsor/manager),REIT,,Novi,MI,"Newark automated warehouse: 360 Avenue P, Newark, NJ 07105 (facility, not office)",onelineage.com,,,,,,,temperature-controlled (cold storage) warehouses,,,,public REIT,,,,,,,,,,med,"No published acquisition criteria found. Owner-operator with 13 NJ cold-storage warehouses (onelineage.com NJ spotlight), including Elizabeth (USDA and I-House certified for Port NY/NJ importers), Elizabeth-Linden and Newark automated facility. No NJ acquisition in 2019-2026 surfaced (Hanson Logistics acquisition was outside NJ). INFERRED: buys/builds cold storage and operators; not a dry-warehouse buyer. Acquisitions-head search blocked by search budget. | Publicly traded cold-storage REIT (2024 IPO targeted valuation up to $19.2B per Yahoo Finance). Formed by Bay Grove Capital; Bay Grove states 100+ acquisitions since its first frozen-food warehouse in Dec 2008 (buy-and-build). Notable M&A seen: Emergent Cold (~$900M, 2019, ~40th acquisition), Burris Logistics 8 facilities, Millard Refrigerated Services (~$1B, 2014); 2025 plan to buy/build Tyson cold-storage warehouses (~$1B, supplychaindive). No NJ-specific acquisition surfaced in results (a Paterson NJ 25,660 SF cold-storage sale by IPRG went to a private investor, not Lineage). INFERRED: acquires operating cold-storage companies/facilities and builds for anchor customers rather than buying vacant NJ industrial; no published SF/price buy box found. Searches on NJ-specific Lineage deals could not be completed (search budget exhausted).",yes,0,https://www.onelineage.com/news-stories/spotlight-new-jersey-cold-storage-warehouses,,A1_public_reits.jsonl;A7_cold_lastmile_smallbay.jsonl,1
LXP Industrial Trust,LXP INDUSTRIAL TRUST,"pending take-private by Brookfield and CPP Investments ($5.2B, announced 2026)",REIT,,New York,NY,,lxp.com,,,,,new construction with modern specifications,,Class A warehouse and bulk distribution; primarily single-tenant,12 target markets across the Sunbelt and lower Midwest (NJ not a target market),stabilized,core,public REIT,sale-leaseback | build-to-suit | forward-purchase | portfolio,"Class A warehouse and bulk distribution facilities, new construction with modern specifications",https://www.lxp.com/acquisitions/,,,,,,,high,"Criteria page: lease terms primarily 5-15 years (can go shorter), annual escalations at least 2%, primary and secondary markets with strong industrial fundamentals. 10-K FY2025 strategy: grow in 12 target markets in Sunbelt/lower Midwest. Brookfield + CPP Investments agreed to take LXP private for $5.2B (2026) [financierworldwide.com, pulse2.com]. Not a NJ buyer; broker can drop for NJ product.",no,0,https://www.lxp.com/acquisitions/,,A1_public_reits.jsonl,0
Manulife Investment Management (Real Estate),MANULIFE INVESTMENT MANAGEMENT REAL ESTATE,Manulife Financial,other,,,,,https://www.manulifeim.com,,,,,,,"cold storage; warehouse + IOS; IOS (Foundry Commercial JV, Southeast)",,,,insurance,JV; programmatic,,,,,,,,,low,"No NJ industrial acquisition found. Seen: Class A cold storage Jacksonville FL (2025); Ashton Creek Distribution Center Chesterfield VA (warehouse + IOS); IOS venture with Foundry Commercial (10 sites in Atlanta, Nashville, DFW, Jacksonville). NJ presence is office (Jersey City). Site-limited NJ follow-up search could not run (search budget exhausted).",unknown,0,https://www.prnewswire.com/news-releases/manulife-investment-management-announces-industrial-outdoor-storage-venture-with-foundry-commercial-302184962.html,,A2_institutional_core.jsonl,0
MetLife Investment Management (Real Estate),METLIFE INVESTMENT MANAGEMENT REAL ESTATE,MetLife Inc.,other,,,,,https://investments.metlife.com,,,,,,,,,,,insurance,,,,,,,,,,low,"No NJ industrial equity acquisition surfaced in searches (results were corporate M&A: PineBridge, Raven Capital, Mesirow teams). Buyer type = insurance general account / separate accounts. Site-limited NJ follow-up search could not run (search budget exhausted).",unknown,0,https://njbiz.com/metlife-investment-management-sets-1-2b-acquisition/,,A2_institutional_core.jsonl,0
Mitsui Fudosan America,MITSUI FUDOSAN AMERICA,"Mitsui Fudosan Co., Ltd.",other,,,,,https://www.mitsuifudosanamerica.com,,,,,,,distribution; warehousing; R&D; small bay; transload; outdoor storage (Tishman Speyer JV),New York Metro region (JV focus market),,value-add,balance sheet,programmatic JV ($500M commitment); development; redevelopment,"distribution, warehousing, research and development, small bay, transload and outdoor storage",https://www.prnewswire.com/news-releases/tishman-speyer-and-mitsui-fudosan-america-establish-joint-venture-to-develop-and-reposition-logistics-properties-in-leading-us-industrial-markets-301671822.html,2022-11-08,,,,,,high,"Tishman Speyer-Mitsui Fudosan America Logistics Venture seeded with $500M from MFA affiliate; targets high-barrier urban centers: Los Angeles, New York Metro, Puget Sound, SF Bay. First US logistics participations disclosed were California (2024). No NJ asset confirmed. nj_active unknown.",unknown,0,https://www.prnewswire.com/news-releases/tishman-speyer-and-mitsui-fudosan-america-establish-joint-venture-to-develop-and-reposition-logistics-properties-in-leading-us-industrial-markets-301671822.html,,A2_institutional_core.jsonl,0
"Modiv Industrial, Inc.",MODIV INDUSTRIAL,"pending acquisition by Global Net Lease (all-stock ~$535M, announced 2026-05-04, close expected Q3 2026)",REIT,,Reno,NV,,modiv.com,,,,,,,single-tenant net-lease industrial manufacturing facilities,,stabilized,core,public REIT,sale-leaseback,"invests in single-tenant, net-lease industrial manufacturing properties",https://rebusinessonline.com/global-net-lease-to-acquire-modiv-industrial-in-535m-deal/,2026-05,,,,,,med,"Described as the only public REIT focused exclusively on manufacturing facilities; portfolio WALT 15.0 yrs, 45% investment-grade, 2.4% annual escalations. No NJ property surfaced; acquisitions likely paused pending GNL merger (SEC Form 425 filed 2026). NJ/acquisitions-head search blocked by search budget.",unknown,0,https://rebusinessonline.com/global-net-lease-to-acquire-modiv-industrial-in-535m-deal/,,A1_public_reits.jsonl,0
NETSTREIT Corp.,NETSTREIT,,REIT,,Dallas,TX,,netstreit.com,,,,,,,"single-tenant net-lease retail (necessity, e-commerce-resistant)",,stabilized,core,public REIT,,focus on necessity goods and essential services in the retail sector,https://www.reit.com/investing/reit-directory/netstreit,,,,,,,med,"Retail net-lease REIT, not an industrial buyer. netstreit.com/portfolio shows 4 NJ investments with $1,104K ABR (retail). Drop for industrial product.",no,0,https://www.reit.com/investing/reit-directory/netstreit,,A1_public_reits.jsonl,0
NewCold,NEWCOLD,,owner-user,,Breda,,,,,,,,,,,,,,,,,,,,,,,,low,"HQ Breda, Netherlands; founded 2012 (CB Insights). Fully automated high-bay ASRS cold storage operator; US facilities seen in results: Tacoma WA, Burley ID (Gray, SubZero Constructors, Fisher CGI project pages). No New Jersey facility surfaced in results (the only Burlington NJ cold storage hit was Centigrade Logistics). INFERRED: builds large automated BTS facilities for anchor food customers; not a buyer of existing NJ industrial.",unknown,0,https://www.cbinsights.com/company/newcold,,A7_cold_lastmile_smallbay.jsonl,0
"NewLake Capital Partners, Inc.",NEWLAKE CAPITAL PARTNERS,,REIT,,New Canaan,CT,,newlake.com,,,,,,,cannabis cultivation (industrial) and dispensary (retail) properties,tri-state (NY/NJ) stated as target; 12 states currently,stabilized,core,public REIT,sale-leaseback | build-to-suit,"acquires industrial and retail properties through sale-leaseback transactions, third-party purchases and build-to-suit projects",https://www.fool.com/quote/otc/nlcp/,,Anthony Coniglio,President (quoted on NJ interest),,,,med,"Coniglio quote (wolfcre.com): 'equal interest in New York and New Jersey... the tri-state area is going to be a significant part of the national cannabis industry'. As of 2026-02: 34 properties in 12 states (~15 cultivation, 19 dispensaries); second-largest cannabis real estate owner. No NJ property confirmed in results. Head-of-investments search blocked by search budget.",unknown,0,https://www.fool.com/quote/otc/nlcp/,,A1_public_reits.jsonl,0
"One Liberty Properties, Inc.",ONE LIBERTY PROPERTIES,,REIT,,Great Neck,NY,,1liberty.com,,,,,,,industrial (primary); some retail/other net lease,"geographically diversified US logistics markets; owns in Moorestown, NJ",stabilized,core-plus,public REIT,portfolio,acquired below replacement cost and provide mark-to-market opportunities through below-market rental rates,https://www.sec.gov/Archives/edgar/data/712770/000121390024094571/ea022007501ex99-1_oneliberty.htm,2024,,,,,,med,"1liberty.com: seeks in-depth understanding of local market, barriers to entry, demographics, growth potential. Recent: 10 industrial properties, 637,633 SF across seven logistics markets, $56.7M (2026-01-29); six-building multi-tenant industrial property, $53.5M (2025-12-22). NJ: 540 Glen Ave, Moorestown (Burlington County) 209,000 SF on 12.36 ac, $13,600,000 (2018-11, pre-window); agreed to sell LA Fitness, Secaucus for $21.4M. Acquisitions-lead name not surfaced in results. Hold strategy 'core-plus' INFERRED from below-market-rent/mark-to-market language.",yes,0,https://www.sec.gov/Archives/edgar/data/712770/000121390024094571/ea022007501ex99-1_oneliberty.htm,,A1_public_reits.jsonl,0
PIMCO Prime Real Estate (ex Allianz Real Estate),PIMCO PRIME REAL ESTATE EX ALLIANZ REAL ESTATE,PIMCO / Allianz,other,,,,,https://pimcoprimerealestate.com,,,,,,,build-to-core logistics portfolios (Crow Holdings JV),,,,insurance,JV minority stake (49%); portfolio,,,,,,,,,low,"No NJ acquisition found. Allianz acquired 49% of a 6.1M SF, 19-asset build-to-core logistics portfolio with Crow Holdings anchored in DFW (2020); global logistics AUM EUR 13.9B. INFERRED: portfolio/JV-scale only; NJ status unknown.",unknown,0,https://pimcoprimerealestate.com/en/newsroom/press-releases/03-12-20-allianz-acquires-stake-in-national-logistics-portfolio,,A2_institutional_core.jsonl,0
"Plymouth Industrial REIT, Inc.",PLYMOUTH INDUSTRIAL REIT,Makarora Management LP with Ares Alternative Credit funds (all-cash take-private ~$2.1B completed 2026-01-27),REIT,,Boston,MA,,plymouthreit.com,50000,300000,,,Class B: typically more than 15 years old,18-26 ft,Class B warehouse/distribution and light manufacturing,secondary markets across the Eastern half of the US and Texas with 100M-300M SF of industrial inventory (NJ is a primary market),either,value-add,public REIT,,Class B industrial properties predominantly in secondary markets across the Eastern half of the U.S. and Texas,https://www.sec.gov/Archives/edgar/data/1515816/000117152020000141/eps8813.htm,2020,,,,,,high,"Criteria from 10-K FY2019 business section (Class B definition: >15 yrs old, 18-26 ft clear, 50,000-300,000 SF). Only NJ asset seen: 4 East Stow Rd, Marlton NJ, 156,642 SF light industrial (acquired 2014-12) [sec.gov 8-K]. Now privately owned by Makarora/Ares [stockanalysis.com]; post-privatization criteria may change. Hold strategy 'value-add' is INFERRED from Class B/secondary focus.",unknown,0,https://www.sec.gov/Archives/edgar/data/1515816/000117152020000141/eps8813.htm,,A1_public_reits.jsonl,0
RealCold,REALCOLD,,other,,,,,,,,,,,,,,,,,,,,,,,,,,low,"Refrigerated & Frozen Foods reports RealCold plans a New Jersey cold storage facility near Port of Newark (size, site and date not shown in results). INFERRED: port-adjacent cold-storage developer/operator seeking Port Newark-Elizabeth sites.",yes,0,https://www.refrigeratedfrozenfood.com/articles/102873-realcold-plans-new-jersey-cold-storage-near-port-of-newark,,A7_cold_lastmile_smallbay.jsonl,0
Realty Income Corporation,REALTY INCOME CORPORATION,,REIT,,San Diego,CA,,realtyincome.com,,,,,,,freestanding single-tenant retail; industrial & distribution leased to Fortune 1000 / investment-grade companies,,stabilized,core,public REIT,sale-leaseback | build-to-suit | portfolio,"primarily industrial & distribution properties leased to Fortune 1000, investment-grade rated companies",https://www.realtyincome.com/what-we-do/acquisitions,,Mark Hagan,"Executive Vice President, Chief Investment Officer (oversees Acquisitions Department)",,,,med,"Acquisitions page: lease terms ideally 10+ years; 'unique source of capital... through sale-leasebacks, build-to-suits, existing leases and large portfolios'. Leadership page lists Hagan (joined 2018). SVPs of Acquisitions Joel Tomlinson and Cary Wenthur named in a 2015 8-K (may be dated). A 'Senior Vice President, Industrial' job posting (builtin.com) indicates a dedicated industrial vertical. No specific NJ industrial acquisition surfaced in results (2023: 838 US properties, 15.0M SF, $3.8B). INFERRED: only large, long-WALT investment-grade industrial fits; not a value-add or small-bay buyer.",unknown,0,https://www.realtyincome.com/what-we-do/acquisitions,,A1_public_reits.jsonl,0
"Rexford Industrial Realty, Inc.",REXFORD INDUSTRIAL REALTY,,REIT,,Los Angeles,CA,,rexfordindustrial.com,,,,,,,infill industrial,"Southern California infill only (LA, San Bernardino, Orange County, San Diego, Ventura)",,,public REIT,,focused on owning and operating industrial properties in Southern California infill markets,https://www.sec.gov/Archives/edgar/data/1571283/000157128321000010/rexr-20201231.htm,2021,,,,,,high,"10-K confirms 100% Southern California portfolio (248 properties, ~31.5M SF at FY2020); no New Jersey holdings. Drop from NJ list.",no,0,https://www.sec.gov/Archives/edgar/data/1571283/000157128321000010/rexr-20201231.htm,,A1_public_reits.jsonl,0
RLS Logistics,RLS LOGISTICS,,owner-user,,,,,,,,,,,,,,,,,,,,,,,,,,low,"Food Logistics: 'RLS Logistics cold storage firm builds new warehouse in New Jersey' (location/size/date not shown in results). INFERRED: NJ cold-chain 3PL expanding via new-build; verify county before outreach (may be South Jersey, outside target counties).",yes,0,https://www.foodlogistics.com/transportation/cold-chain/news/11291454/rls-logistics-cold-storage-firm-builds-new-warehouse-in-new-jersey,,A7_cold_lastmile_smallbay.jsonl,0
Saxum Real Estate,SAXUM REAL ESTATE,,developer-holder,,,NJ,,,,,,,,,cold storage development,,,,,,vertically integrated investment and development firm with a portfolio of more than 2.6 million square feet of cold storage development,https://www.jaxdailyrecord.com/news/2023/apr/18/arcadia-saxum-and-primus-break-ground-on-87-million-north-jacksonville-cold-storage-center/,2023-04-18,,,,,,med,"New Jersey-based real estate investment and development firm; develops cold storage leased to Arcadia Cold: Crown Point IN 323,000 SF on 26 acres near I-65; North Jacksonville FL $87M, 333,725 SF (2023 groundbreaking; building sold $111.76M 2025-04); Charleston SC. No NJ cold-storage development surfaced in results despite NJ HQ (city/street not shown). INFERRED: build-to-suit/lease-back cold storage developer that buys development land; potential buyer of NJ industrial land or obsolete buildings for cold conversion.",unknown,0,https://www.jaxdailyrecord.com/news/2023/apr/18/arcadia-saxum-and-primus-break-ground-on-87-million-north-jacksonville-cold-storage-center/,,A7_cold_lastmile_smallbay.jsonl,0
Stockbridge Capital Group,STOCKBRIDGE CAPITAL GROUP,,open-end fund,,,,,https://stockbridge.com,,,,,,,Class A logistics portfolios; e-commerce distribution,,,,open-end fund,portfolio; all-cash,,,,,,,,,low,"No NJ acquisition found. Seen: 6.4M SF Westcore portfolio (2019, 9 markets); 8.7M SF Hillwood Class A portfolio $800M; two US industrial assets from Principal $142M (locations not stated); Upper Marlboro MD $56.6M; Commerce City CO. nj_active unknown.",unknown,0,https://realassets.ipe.com/news/stockbridge-buys-two-us-industrial-properties-from-principal-for-142m/10073311.article,,A2_institutional_core.jsonl,0
Timber Hill Group LLC,TIMBER HILL GROUP,,IOS specialist,,Chicago,IL,,https://timberhillgroup.com,,,,,,,logistics and supply-chain-related industrial outdoor storage,,,,closed-end fund,,Our focus is on logistics and supply-chain-related Industrial Outdoor,https://timberhillgroup.com/wp-content/uploads/2024/06/Timber-Hill-Acquisition-Criteria.pdf,2024-06,,,,,,med,"Chicago-based private equity real estate firm specializing in acquisition, development and management of IOS assets throughout the US; publishes an acquisition-criteria PDF (June 2024) whose visible text begins with the quoted sentence - full size/price parameters not captured in search excerpts. Launched TH Cross Border Fund I LLC with four acquisitions in Laredo TX; portfolio concentrated in Texas, Florida, Illinois. REjournals: added a CFO (Sofia Michis, formerly at Sitex Group covering NYC/NJ/Chicago/LA industrial) and a managing director of acquisitions (name not shown in excerpt). No NJ acquisition surfaced; NJ presence unverified.",unknown,0,https://timberhillgroup.com/wp-content/uploads/2024/06/Timber-Hill-Acquisition-Criteria.pdf,,A6_ios_truck.jsonl,0
UBS Realty Investors,UBS REALTY INVESTORS,UBS Asset Management,open-end fund,,,,,https://www.ubs.com/us/en/real-estate.html,,,,,,,,,,,open-end fund,,,,,,,,,,low,"No NJ industrial acquisition found; NJ results were dispositions (Mountain View Crossing multifamily, Wayne) and UBS Tower office. Site-limited NJ follow-up search could not run (search budget exhausted).",unknown,0,https://www.multihousingnews.com/pomeranc-group-acquires-new-jersey-community/,,A2_institutional_core.jsonl,0
Vertical Cold Storage,VERTICAL COLD STORAGE,Platform Ventures,owner-user,,,,,https://www.verticalcold.com/,,,,,,,,,,,,,,,,,,,,,med,"No NJ presence in results: facilities in TX, IL, NE, NC, FL and IN plus a Kansas City project under construction (dcvelocity 2024); acquired three public refrigerated warehouses from United States Cold Storage in Medley FL, Marshville NC and La Vista NE (GCCA press release); second DFW facility (Connect CRE). INFERRED: operator (3PL) that buys existing public refrigerated warehouses with operations in Midwest/Sun Belt; drop from NJ list unless new evidence.",no,0,https://www.dcvelocity.com/articles/54519-cold-chain-newcomer-vertical-cold-storage-adds-three-more-dcs,,A7_cold_lastmile_smallbay.jsonl,0
Zenith IOS,ZENITH IOS,JV with institutional investors advised by J.P. Morgan Asset Management,IOS specialist,,,,,https://www.zenithios.com,,,,,,,IOS,,,,,,,,,,,,,,low,"Second JV with J.P. Morgan Asset Management-advised investors seeks to purchase $700M of IOS sites across the US; combined JVs own one of the largest institutional IOS portfolios (GAV > $1.5B; ~100 properties across 33 US markets). Feb-2026: $130M KeyBank senior secured facility refinancing a 14-property, ~130-acre IOS portfolio (Commercial Observer). NYREJ reports an 18-acre IOS build-to-suit lease. No NJ acquisition surfaced in results; NJ presence unverified. INFERRED: national institutional IOS aggregator buying sites in the ~5-20 acre range with JV institutional equity; build-to-suit capable. Owns properties totaling 28 msf (land) across 50+ properties in 16 states per Investing.com.",unknown,0,https://nyrej.com/zenith-ios-j-p-morgan-asset-management-close-second-700m-jv,,A6_ios_truck.jsonl,0
