date,address,town,county,buyer,buyer_name_key,buyer_parent,buyer_spv_named,seller,seller_name_key,seller_parent,sf,acres,price,price_psf,cap_rate,property_type,year_built,occupancy_at_sale,tenant,lender,loan_amount,brokers,deal_type,portfolio_context,source_url,source_date,confidence,notes,verification,source_parts,dupes_merged
,"PORTFOLIO: 104,000 SF Meadowlands warehouse",,,,,,,Woodmont,WOODMONT,,104000,,,,,warehouse,,,,,,,sale,,https://re-nj.com/woodmont-sells-104000-sq-ft-meadowlands-warehouse/,,med,"DATE NOT IN SEARCH EXCERPT - verify year is 2023 before joining; Meadowlands town not in excerpt; address field is descriptive, not a portfolio",,B_year_2023.jsonl,0
,"PORTFOLIO: 13 properties (multi-state, NJ portion unknown)",,,Realterm,REALTERM,,,,,,631604,131,277000000,439,,IOS,,,,,,,portfolio,"13-property, 631,604 SF, 131-acre IOS/truck terminal portfolio across seven US markets incl. northern NJ, reported $277M",https://re-nj.com/realterm-buys-632000-sq-ft-industrial-outdoor-storage-portfolio-in-north-jersey-other-key-markets-in-reported-277-million-deal/,,med,DATE UNVERIFIED (not in search excerpt; surfaced in 2024-focused sweep - confirm year before use); primarily truck terminals and maintenance facilities; NJ addresses not in excerpt; psf computed,,B_year_2024.jsonl,0
,PORTFOLIO: 3 buildings (industrial complex),,Bergen,,,,,,,,193000,,27000000,140,,industrial,,,,,,,sale,,https://re-nj.com/three-building-193000-sq-ft-industrial-complex-in-bergen-county-sells-for-27-million/,,med,"DATE UNVERIFIED (headline only); three-building 193,000 SF complex, town not stated; psf computed",,B_year_2022.jsonl,0
,,Avenel,Middlesex,,,,,,,,81000,,19700000,243,,warehouse,,,,,,Lee & Associates,sale,,https://rebusinessonline.com/lee-associates-brokers-sale-of-81000-sf-distribution-facility-in-avenel-new-jersey/,,med,DATE UNVERIFIED - not stated in excerpt; distribution facility; address/parties/price not in excerpt. | DATE UNVERIFIED - not stated in excerpt; address/parties/price not in excerpt. | DATE NOT IN SEARCH EXCERPT - verify year is 2023 before joining; 'industrial site' | DATE NOT IN SEARCH EXCERPT - verify year is 2023 before joining | VALIDATION: psf computed,,B_year_2022.jsonl;B_year_2023.jsonl,3
,,Avenel (Woodbridge),Middlesex,,,,,,,,81000,,19700000,243,,warehouse,,,,,,Lee & Associates,sale,,https://rebusinessonline.com/lee-associates-brokers-sale-of-81000-sf-distribution-facility-in-avenel-new-jersey/,,med,DATE UNVERIFIED (not in search excerpt; surfaced in 2024-focused sweep - confirm year before use); headline-only excerpt | VALIDATION: psf computed,,B_year_2024.jsonl,1
,80 Essex Ave East,Avenel (Woodbridge),Middlesex,Sagard Real Estate,SAGARD REAL ESTATE,,,,,,80468,,24100000,299,,warehouse,,,,,,,sale,,https://re-nj.com/flipbook/89-Oct2024/files/basic-html/page14.html,,low,DATE UNVERIFIED (not in search excerpt; surfaced in 2024-focused sweep - confirm year before use); SOURCE ATTRIBUTION UNCERTAIN: fact appeared in RE-NJ result set alongside the Oct-2024 flipbook page; specific article URL not captured; psf computed,,B_year_2024.jsonl,0
,,Branchburg,Somerset,REIT (unnamed in excerpt),REIT UNNAMED IN EXCERPT,,,,,,114000,,,,,warehouse,,,,,,CBRE,sale,,https://re-nj.com/reit-acquires-114000-sq-ft-warehouse-headquarters-office-in-branchburg/,,med,DATE NOT IN SEARCH EXCERPT - verify year is 2023 before joining; warehouse plus headquarters office | DATE NOT IN SEARCH EXCERPT - verify year is 2023 before joining | DATE UNVERIFIED - only headline in excerpt; buyer described only as a REIT; warehouse plus headquarters office; address/price/seller not in excerpt.,,B_year_2022.jsonl;B_year_2023.jsonl,2
,161 Industrial Parkway,Branchburg,Somerset,,,,,,,,,,2700000,,,industrial,,,,,,Deluccia Commercial Group,sale,,https://traded.co/deals/new-jersey/industrial/sale/161-industrial-parkway-2/,,low,DATE UNVERIFIED (surfaced in 2022 sweep),,B_year_2022.jsonl,0
,3091 Route 22,Branchburg,Somerset,,,,,Transwestern Development Co.,TRANSWESTERN DEVELOPMENT CO,,311040,,,,,industrial,,,Abaline Supply Co. (HQ and manufacturing hub),,,Avison Young (per RE-NJ); CBRE (per REBusinessOnline),sale,,https://re-nj.com/tdc-sells-newly-built-311000-sq-ft-branchburg-industrial-project-avison-young-says/,,med,DATE UNVERIFIED (not in search excerpt; surfaced in 2024-focused sweep - confirm year before use); newly built for medical supply company Abaline Supply; buyer/price not in excerpt; REBusiness: https://rebusinessonline.com/cbre-brokers-sale-of-311040-sf-industrial-building-in-branchburg-new-jersey/,,B_year_2024.jsonl,0
,,Bridgewater,Somerset,Denholtz Properties,DENHOLTZ PROPERTIES,,,,,,26000,,,,,industrial,,,,,,,sale,,https://rebusinessonline.com/denholtz-properties-acquires-26000-square-foot-industrial-building-in-bridgewater-new-jersey/,,med,DATE NOT IN SEARCH EXCERPT - verify year is 2023 before joining,,B_year_2023.jsonl,0
,,Burlington,Burlington,,,,,,,,,,110500000,,,land,,,,,,Lee & Associates,sale,,https://rebusinessonline.com/lee-associates-brokers-110-5m-sale-of-industrial-redevelopment-site-in-burlington-new-jersey/,,med,DATE NOT IN SEARCH EXCERPT - verify year is 2023 before joining; industrial redevelopment site; buyer/seller/acreage not in excerpt,,B_year_2023.jsonl,0
,Elbow Lane,Burlington Township,Burlington,Johnson Development Associates,JOHNSON DEVELOPMENT ASSOCIATES,,,,,,,59.3,,,,land,,,,,,,land,,https://www.bisnow.com/news/philadelphia/retail/johnson-developers-buys-new-jersey-industrial-ste-103374,,med,"DATE UNVERIFIED (not in search excerpt; surfaced in 2024-focused sweep - confirm year before use); 59.3-acre site, plans 267K SF warehouse; Bisnow article id suggests c. 2020 - verify year",,B_year_2024.jsonl,0
,8 Fairfield Crescent,Caldwell,Essex,Cabot Properties,CABOT PROPERTIES,,,Tulfra Real Estate,TULFRA REAL ESTATE,,62200,,7800000,125,,industrial,1975,100,Regi USA; Inline Distributing Co.,,,"HFF (Robert Borny, Jose Cruz)",sale,,https://rebusinessonline.com/cabot-properties-acquires-62200-sf-industrial-facility-in-caldwell-new-jersey/,,med,"DATE UNCONFIRMED: search excerpt carried no date (surfaced in a 2019-filtered sweep); verify year before treating as a 2019 sale. HFF-brokered, so the sale closed no later than mid-2019 (HFF merged into JLL July 2019); leases run through 2021. 62,200 SF (10,000 SF office / 52,200 SF warehouse) built 1975, fully renovated 2014, fully leased to Regi USA and Inline Distributing Co. Call-list buyer (Cabot). Article says Caldwell; the address is commonly listed as West Caldwell. psf computed",,B_year_2019.jsonl,0
,,Carlstadt,Bergen,,,,,,,,,,15000000,,,industrial,,,,,,JLL,sale,,https://rebusinessonline.com/jll-brokers-15m-sale-of-industrial-property-in-carlstadt-new-jersey/,,high,"DATE UNVERIFIED - not stated in excerpt; address/SF/parties not in excerpt. | DATE NOT IN SEARCH EXCERPT - verify year is 2023 before joining; a re-nj tag-page excerpt says Venture One Real Estate sold a 30,000+ SF Carlstadt industrial building for $9.1M - likely this deal; possibly the same asset as Seagis 25 Amor Ave (Nov 2023), unverified | DATE NOT IN SEARCH EXCERPT - verify year is 2023 before joining",,B_year_2022.jsonl;B_year_2023.jsonl,2
,194 Veterans Blvd,Carlstadt,Bergen,Kurv Industrial,KURV INDUSTRIAL,,,,,,,,,,,warehouse,,,,,,Cushman & Wakefield,portfolio,"part of 4-building, 256,000 SF Carlstadt/East Rutherford portfolio acquired by Kurv Industrial (Cushman & Wakefield arranged; price undisclosed)",https://re-nj.com/kurv-acquires-four-building-256000-sq-ft-industrial-portfolio-in-carlstadt-east-rutherford/,,med,Call-list buyer (Kurv); building-level sf not stated; DATE UNVERIFIED,,B_year_2022.jsonl,0
,320 Veterans Blvd,Carlstadt,Bergen,Kurv Industrial,KURV INDUSTRIAL,,,,,,,,,,,warehouse,,,,,,Cushman & Wakefield,portfolio,"part of 4-building, 256,000 SF Carlstadt/East Rutherford portfolio acquired by Kurv Industrial (Cushman & Wakefield arranged; price undisclosed)",https://re-nj.com/kurv-acquires-four-building-256000-sq-ft-industrial-portfolio-in-carlstadt-east-rutherford/,,med,Call-list buyer (Kurv); building-level sf not stated; DATE UNVERIFIED,,B_year_2022.jsonl,0
,599 Gotham Parkway,Carlstadt,Bergen,Kurv Industrial,KURV INDUSTRIAL,,,,,,,,,,,warehouse,,,,,,Cushman & Wakefield,portfolio,"part of 4-building, 256,000 SF Carlstadt/East Rutherford portfolio acquired by Kurv Industrial (Cushman & Wakefield arranged; price undisclosed)",https://re-nj.com/kurv-acquires-four-building-256000-sq-ft-industrial-portfolio-in-carlstadt-east-rutherford/,,med,Call-list buyer (Kurv); building-level sf not stated; DATE UNVERIFIED,,B_year_2022.jsonl,0
,"PORTFOLIO: 4 buildings (194 & 320 Veterans Blvd, 599 Gotham Parkway, 25 East Union Ave)",Carlstadt / East Rutherford,Bergen,Kurv Industrial,KURV INDUSTRIAL,,,,,,256000,,,,,warehouse,,,,,,Cushman & Wakefield,portfolio,"4-building, 256,000 SF Carlstadt/East Rutherford Meadowlands portfolio acquired by Kurv Industrial; price undisclosed; C&W arranged",https://re-nj.com/kurv-acquires-four-building-256000-sq-ft-industrial-portfolio-in-carlstadt-east-rutherford/,,med,Call-list buyer (Kurv); DATE UNVERIFIED (excerpt gives no date; surfaced in 2022 town sweep),,B_year_2022.jsonl,0
,PORTFOLIO: 5 buildings,Carteret / West Caldwell,,,,,,,,,404713,,,,,warehouse,,,,,,Newmark,portfolio,"Five newly constructed industrial buildings totaling 404,713 SF in Northern NJ - three in Carteret, two in West Caldwell; Newmark brokered",https://rebusinessonline.com/newmark-brokers-sale-of-404713-sf-industrial-portfolio-in-northern-new-jersey/,,med,DATE NOT IN SEARCH EXCERPT - verify year is 2023 before joining; buyer/seller/price not in excerpt,,B_year_2023.jsonl,0
,,Cinnaminson,Burlington,,,,,,,,,,2150000,,,industrial,,,,,,Colliers,sale,,https://njbiz.com/colliers-facilitates-2-15m-sale-of-cinnaminson-industrial-building/,,med,DATE NOT IN SEARCH EXCERPT - verify year is 2023 before joining,,B_year_2023.jsonl,0
,2303 Garry Road,Cinnaminson,Burlington,Simon Holdings Inc.,SIMON HOLDINGS,,,,,,45100,,2150000,48,,small-bay,,,,,,Colliers,sale,,https://njbiz.com/colliers-facilitates-2-15m-sale-of-cinnaminson-industrial-building/,,med,"DATE UNCONFIRMED: search excerpt carried no date (surfaced in a 2019-filtered sweep); verify year before treating as a 2019 sale. 45,100 SF multi-tenant warehouse facility sold for $2.15M to Simon Holdings Inc.; Colliers brokered. Seller not in excerpt. psf computed",,B_year_2019.jsonl,0
,,Clifton,Passaic,,,,,,,,121000,,,,,warehouse,,,,,,NAI James E. Hanson,sale,,https://re-nj.com/logistics-firm-acquires-121000-sq-ft-warehouse-in-clifton-nai-hanson-says/,,med,"DATE UNVERIFIED (surfaced in 2022 sweep; excerpt headline only); buyer described as a logistics firm (owner-user), name not in excerpt",,B_year_2022.jsonl,0
,,Cranbury,Middlesex,CBRE Investment Management,CBRE INVESTMENT MANAGEMENT,,,,,,772000,,,,,warehouse,,,,,,,portfolio,"772,000 SF Cranbury warehouse acquired as part of a three-state, 2.3 million SF logistics portfolio by CBRE Investment Management",https://re-nj.com/cbre-im-acquires-east-coast-logistics-portfolio-including-772000-sq-ft-cranbury-warehouse/,,med,DATE UNVERIFIED (headline only); portfolio size/price not in excerpt,,B_year_2022.jsonl,0
,,Delanco,Burlington,DH Property Holdings / DRA Advisors,DH PROPERTY HOLDINGS DRA ADVISORS,,,,,,273000,,,,,warehouse,,,,,,NAI Mertz,JV,,https://rebusinessonline.com/nai-mertz-negotiates-sale-of-273000-sf-industrial-facility-in-delanco-new-jersey/,,med,DATE UNVERIFIED (not in search excerpt; surfaced in 2024-focused sweep - confirm year before use); partnership buyer; price not in excerpt | DATE NOT IN SEARCH EXCERPT - verify year is 2023 before joining,,B_year_2023.jsonl;B_year_2024.jsonl,1
,PORTFOLIO: 25 buildings (partial interest),"Delran / Evesham / Cinnaminson / Mount Laurel (+ Logan Twp NJ and Bristol PA, out of scope)",Burlington,Marcus Partners,MARCUS PARTNERS,,,Camber Real Estate Partners,CAMBER REAL ESTATE PARTNERS,,1200000,,,,,small-bay,,,,,,,JV,"Marcus Partners acquired a stake in Camber's 25-building, 1.2M SF South Jersey/PA light industrial portfolio (recapitalization)",https://re-nj.com/marcus-partners-acquires-stake-in-1-2-million-sq-ft-south-jersey-pennsylvania-light-industrial-portfolio-in-recap-deal-with-camber/,,med,"DATE UNVERIFIED (not in search excerpt; surfaced in 2024-focused sweep - confirm year before use); recap/partial-interest; mixed in-scope (Burlington County) and out-of-scope (Gloucester County, PA) assets; price not in excerpt",,B_year_2024.jsonl,0
,,Dover,Morris,joint venture (unnamed in excerpt),JOINT VENTURE UNNAMED IN EXCERPT,,,,,,126108,,,,,flex,,,,,,,JV,,https://rebusinessonline.com/joint-venture-acquires-126108-sf-office-industrial-building-in-dover-new-jersey/,,med,DATE NOT IN SEARCH EXCERPT - verify year is 2023 before joining; office/industrial building,,B_year_2023.jsonl,0
,25 East Union Ave,East Rutherford,Bergen,Kurv Industrial,KURV INDUSTRIAL,,,,,,,,,,,warehouse,,,,,,Cushman & Wakefield,portfolio,"part of 4-building, 256,000 SF Carlstadt/East Rutherford portfolio acquired by Kurv Industrial (Cushman & Wakefield arranged; price undisclosed)",https://re-nj.com/kurv-acquires-four-building-256000-sq-ft-industrial-portfolio-in-carlstadt-east-rutherford/,,med,Call-list buyer (Kurv); building-level sf not stated; DATE UNVERIFIED,,B_year_2022.jsonl,0
,265 Industrial Way West,Eatontown,Monmouth,,,,,,,,36500,,,,,flex,,,,,,JLL,sale,,https://re-nj.com/jll-marketing-pr-firm-sells-eatontown-flex-building/,,med,"DATE UNCONFIRMED: search excerpt carried no date (surfaced in a 2019-filtered sweep); verify year before treating as a 2019 sale. 36,500 SF flex building sold by a marketing/PR firm (owner-user) to a private buyer for an undisclosed price; JLL brokered.",,B_year_2019.jsonl,0
,465 Industrial Way West,Eatontown,Monmouth,,,,,,,,44000,,4250000,97,,industrial,,,,,,Gramercy Real Estate,sale,,https://re-nj.com/eatontown-industrial-building-fetches-4-25-million-gramercy-real-estate-says/,,med,"DATE UNCONFIRMED: search excerpt carried no date (surfaced in a 2019-filtered sweep); verify year before treating as a 2019 sale. Nearly 44,000 SF industrial building bought by an unnamed Brooklyn-based investor for $4.25M; Gramercy Real Estate brokered. psf computed",,B_year_2019.jsonl,0
,,Edison,Middlesex,Ridgecut Road,RIDGECUT ROAD,,,,,,,5.5,24500000,,,IOS,,,,,,JLL (sale and acquisition financing),sale,,https://rebusinessonline.com/jll-brokers-24-5m-sale-of-industrial-service-facility-in-edison-new-jersey/,,med,DATE UNVERIFIED (not in search excerpt; surfaced in 2024-focused sweep - confirm year before use); 5.5-acre industrial service facility (ISF) - classified IOS; JLL also arranged acquisition financing (amount/lender not in excerpt) per Connect CRE (https://www.connectcre.com/stories/jll-arranges-sale-financing-of-edison-industrial-service-facility/) | DATE UNVERIFIED - not stated in excerpt; 5.5-acre industrial service facility; JLL also arranged financing (Connect CRE https://www.connectcre.com/stories/jll-arranges-sale-financing-of-edison-industrial-service-facility/); address/parties not in excerpt.; JLL newsroom release 'Ridgecut Road acquires prime industrial service facility and outdoor storage asset along the I-287 Corridor' (76 National Road; https://www.jll.com/en-us/newsroom/jll-arranges-sale-and-financing-of-76-national-road) appears to be the same Edison deal - buyer/address not confirmed in excerpt; Connect CRE: JLL arranged sale and financing | DATE NOT IN SEARCH EXCERPT - verify year is 2023 before joining; industrial service facility; also Connect CRE https://www.connectcre.com/stories/jll-arranges-sale-financing-of-edison-industrial-service-facility/,,B_year_2022.jsonl;B_year_2023.jsonl;B_year_2024.jsonl,2
,,Elizabeth,Union,,,,,,,,138642,,,,,cold storage,,,,,,JLL,sale,,https://rebusinessonline.com/jll-negotiates-sale-of-138642-sf-cold-storage-facility-in-elizabeth-new-jersey/,,med,DATE NOT IN SEARCH EXCERPT - verify year is 2023 before joining,,B_year_2023.jsonl,0
,,Elmwood Park,Bergen,,,,,,,,15700,,,,,industrial,,,,,,NAI James E. Hanson,sale,,https://rebusinessonline.com/nai-hanson-arranges-sale-of-15700-sf-industrial-building-in-elmwood-park-new-jersey/,,med,DATE UNVERIFIED (not in search excerpt; surfaced in 2024-focused sweep - confirm year before use); headline-only excerpt,,B_year_2024.jsonl,0
,PORTFOLIO: Elmwood Park industrial portfolio,Elmwood Park,Bergen,STRO Cos. and KRE Group,STRO COS AND KRE GROUP,,,,,,120000,,,,,industrial,,,,,,,portfolio,"120,000 SF industrial portfolio in Elmwood Park acquired by The STRO Cos. and KRE Group (building count not in excerpt)",https://rebusinessonline.com/stro-cos-kre-group-acquire-120000-sf-industrial-portfolio-in-elmwood-park-new-jersey/,,med,DATE NOT IN SEARCH EXCERPT - verify year is 2023 before joining,,B_year_2023.jsonl,0
,,Ewing,Mercer,,,,,Educational Testing Service,EDUCATIONAL TESTING SERVICE,,310000,,19000000,61,,other,,,,,,CBRE,sale,,https://re-nj.com/cbre-ets-office-industrial-building-in-ewing-trades-for-19-million/,,med,"DATE UNCONFIRMED: search excerpt carried no date (surfaced in a 2019-filtered sweep); verify year before treating as a 2019 sale. 310,000 SF office/industrial building (165,000 SF office + 145,000 SF warehouse and print space) sold by Educational Testing Service for nearly $19M (19000000 is approximate); CBRE brokered. Buyer and street address not in excerpt. psf computed",,B_year_2019.jsonl,0
,,Fair Lawn,Bergen,,,,,,,,165000,,8800000,53,,small-bay,,,,,,NAI DiLeo-Bram,sale,,https://re-nj.com/naidb-six-building-165000-sq-ft-industrial-site-in-fair-lawn-trades-for-8-8-million/,,med,DATE UNVERIFIED (not in search excerpt; surfaced in 2024-focused sweep - confirm year before use); six-building industrial site; parties not in excerpt; psf computed,,B_year_2024.jsonl,0
,,Fairfield,Essex,,,,,Terreno Realty Corporation,TERRENO REALTY CORPORATION,,28000,3.4,8700000,311,,industrial,,,,,,NAI James E. Hanson,sale,,https://re-nj.com/nai-hanson-contractor-buys-28000-sq-ft-warehouse-on-3-4-acres-in-fairfield-for-8-7-million/,,med,Buyer described as a contractor (owner-user); warehouse with excess land; 'nearly $8.75M'; DATE UNVERIFIED (headline only); psf computed | DATE UNVERIFIED (not in search excerpt; surfaced in 2024-focused sweep - confirm year before use); Terreno (call-list buyer) disposition; buyer not in excerpt; psf computed,,B_year_2022.jsonl;B_year_2024.jsonl,1
,2001 U.S. Route 130,Florence Township,Burlington,Novacart Inc.,NOVACART,,,,,,71280,,14600000,205,,industrial,,,,,,,sale,,https://njbiz.com/new-south-jersey-burlington-manufacturing-facility-trades-hands/,,med,DATE NOT IN SEARCH EXCERPT - verify year is 2023 before joining; new one-story manufacturing/industrial facility; owner-user buyer; psf computed,,B_year_2023.jsonl,0
,,Franklin Township,Somerset,,,,,Crow Holdings,CROW HOLDINGS,,925000,,164000000,177,,warehouse,,,,,,,sale,,https://re-nj.com/crow-holdings-inks-164-million-sale-of-new-925000-sq-ft-warehouse-in-franklin/,,med,"psf computed; DATE UNVERIFIED - not stated in excerpt (surfaced in 2022 sweep); newly built 925,000 SF warehouse; buyer not in excerpt - Connect CRE separately reports Crow Holdings trading NJ industrial to BentallGreenOak (https://www.connectcre.com/stories/crow-holdings-trades-nj-industrial-to-bentallgreenoak/), possibly the same deal, unverified.",,B_year_2022.jsonl,0
,,Freehold,Monmouth,,,,,,,,,,4950000,,,industrial,,,,,,CBRE,sale,,https://re-nj.com/cbre-freehold-industrial-building-trades-for-4-95-million/,,med,DATE NOT IN SEARCH EXCERPT - verify year is 2023 before joining,,B_year_2023.jsonl,0
,,Garfield,Bergen,,,,,,,,73000,,16500000,226,,warehouse,,,,,,Lee & Associates,sale,,https://rebusinessonline.com/lee-associates-brokers-16-5m-sale-of-northern-new-jersey-warehouse/,,med,psf computed; DATE UNVERIFIED - not stated in excerpt; address/parties not in excerpt.,,B_year_2022.jsonl,0
,325 Midland Avenue,Garfield,Bergen,,,,,,,,,,16500000,,,industrial,,,,,,,sale,,https://traded.co/deals/new-jersey/industrial/sale/325-midland-avenue/,,low,DATE NOT IN SEARCH EXCERPT - verify year is 2023 before joining; buyer/seller/SF not in excerpt; REBusinessOnline 'Lee & Associates Brokers $16.5M Sale of Northern New Jersey Warehouse' https://rebusinessonline.com/lee-associates-brokers-16-5m-sale-of-northern-new-jersey-warehouse/ may be the same deal,,B_year_2023.jsonl,0
,,Hackensack,Bergen,,,,,,,,5000,,1480000,296,,small-bay,,,,,,NAI James E. Hanson,sale,,https://www.naihanson.com/news/nai-james-e-hanson-negotiates-sale-of-5000-square-foot-industrial-building-in-hackensack-n-j/,,high,"DATE UNVERIFIED (headline only, surfaced in 2022 sweep) | DATE NOT IN SEARCH EXCERPT - verify year is 2023 before joining | VALIDATION: psf computed",,B_year_2022.jsonl;B_year_2023.jsonl,2
,163 Liberty Street,Hackensack,Bergen,,,,,,,,6000,,1480000,247,,industrial,,,,,,NAI James E. Hanson,sale,,https://www.naihanson.com/news/nai-james-e-hanson-arranges-1-48m-sale-of-hackensack-new-jersey-industrial-building/,,high,DATE UNVERIFIED (not in search excerpt; surfaced in 2024-focused sweep - confirm year before use); brokerage release; psf computed,,B_year_2024.jsonl,0
,86-110 Orchard Street,Hackensack,Bergen,,,,,The Hampshire Companies,HAMPSHIRE COMPANIES,,125000,,,,,industrial,,96,,,,,sale,,https://rebusinessonline.com/the-hampshire-companies-sells-125000-sf-industrial-office-complex-in-new-jersey/,,med,"DATE UNCONFIRMED: search excerpt carried no date (surfaced in a 2019-filtered sweep); verify year before treating as a 2019 sale. 125,000 SF industrial/office complex (110,000 SF warehouse + 15,000 SF office), 96% leased at sale; Hampshire sold to an unnamed private buyer for an undisclosed price.",,B_year_2019.jsonl,0
,,Hamilton,Mercer,Altman (JV),ALTMAN JV,,,,,,,,,,,land,,,,,,CBRE (sale; named exclusive leasing agent),JV,,https://re-nj.com/altman-jv-acquires-hamilton-tract-slated-for-171000-sq-ft-warehouse/,,med,"DATE UNVERIFIED (not in search excerpt; surfaced in 2024-focused sweep - confirm year before use); tract slated for 171,000 SF warehouse; JV partner, acreage, price not in excerpt | DATE NOT IN SEARCH EXCERPT - verify year is 2023 before joining; Mercer County",,B_year_2023.jsonl;B_year_2024.jsonl,1
,,Hillside,Union,,,,,,,,28000,,,,,industrial,,0,,,,NAI James E. Hanson,sale,,https://www.naihanson.com/news/nai-james-e-hanson-negotiates-sale-of-vacant-28000-square-foot-undustrial-building-in-hillside-n-j/,,high,DATE UNVERIFIED (headline only); vacant at sale | DATE UNVERIFIED (not in search excerpt; surfaced in 2024-focused sweep - confirm year before use); vacant at sale; brokerage release,,B_year_2022.jsonl;B_year_2024.jsonl,1
,400 Fairfield Road,Howell,Monmouth,MCB Real Estate,MCB REAL ESTATE,,,,,,368000,,69900000,190,,warehouse,,0,third-party logistics company (full-building lease signed at closing),,,,sale,,https://njbiz.com/in-industrial-mcb-pays-70m-for-howell-site-jll-secures-37m-financing/,,med,"DATE UNVERIFIED (not in search excerpt; surfaced in 2024-focused sweep - confirm year before use); vacant at acquisition, full-building 3PL lease signed at closing; $69.9M per RE-NJ result set that included RE-NJ #89 Oct-2024 flipbook page (https://re-nj.com/flipbook/89-Oct2024/files/basic-html/page14.html); psf computed",,B_year_2024.jsonl,0
,,Kearny,Hudson,Seagis Property Group,SEAGIS PROPERTY GROUP,,,Russo Development / River Development,RUSSO DEVELOPMENT RIVER DEVELOPMENT,,211287,,21000000,99,,warehouse,,,,,,Cushman & Wakefield,sale,,https://rebusinessonline.com/cushman-wakefield-brokers-sale-of-211287-sf-warehouse-in-kearny-new-jersey/,,med,"DATE UNVERIFIED - not stated in excerpt; address/parties/price not in excerpt.; re-nj: 'Seagis buys new 211,000 sq. ft. Kearny warehouse in deal with Russo, River Development' (https://re-nj.com/seagis-buys-new-211000-sq-ft-kearny-warehouse-in-deal-with-russo-river-development/) - newly built | DATE NOT IN SEARCH EXCERPT - verify year is 2023 before joining | VALIDATION: psf computed",,B_year_2022.jsonl;B_year_2023.jsonl,1
,35 Obrien Street,Kearny,Hudson,,,,,,,,135000,,21000000,156,,industrial,,,,,,Marcus & Millichap,sale,,https://re-nj.com/kearny-industrial-building-trades-for-21-million-marcus-says/,,med,"DATE UNCONFIRMED: search excerpt carried no date (surfaced in a 2019-filtered sweep); verify year before treating as a 2019 sale. 135,000 SF industrial building bought by an unnamed investor for more than $21M (21000000 is a floor); Marcus & Millichap brokered. psf computed",,B_year_2019.jsonl,0
,651 Michigan Ave,Kenilworth,Union,Ridgecut Road,RIDGECUT ROAD,,,Magni America,MAGNI AMERICA,,26000,,13100000,504,,flex,,,,,,NAI DiLeo-Bram,sale,,https://rebusinessonline.com/nai-dileo-bram-brokers-13-1m-sale-of-industrial-flex-building-in-kenilworth-new-jersey/,,med,"DATE UNVERIFIED (not in search excerpt; surfaced in 2024-focused sweep - confirm year before use); building completed in 2024 per excerpt (16,000 SF warehouse + 10,000 SF office); buyer is NY-based investment firm; psf computed",,B_year_2024.jsonl,0
,,Leonia,Bergen,Devli Real Estate,DEVLI REAL ESTATE,,,,,,37000,,,,,industrial,,,,,,,sale,,https://rebusinessonline.com/devli-real-estate-buys-37000-sf-industrial-building-in-leonia-new-jersey/,,med,DATE NOT IN SEARCH EXCERPT - verify year is 2023 before joining,,B_year_2023.jsonl,0
,370 Essex Street,Lodi,Bergen,AAA Wholesale,AAA WHOLESALE,,,,,,170000,,29200000,172,,industrial,,,,,,,sale,,https://traded.co/deals/new-jersey/industrial/sale/370-essex-street/,,low,"DATE UNVERIFIED (not in search excerpt; surfaced in 2024-focused sweep - confirm year before use); described as industrial showroom property, ~170,000 SF; psf stated by source",,B_year_2024.jsonl,0
,,Lyndhurst,Bergen,Sitex Group,SITEX GROUP,,,,,,172000,,,,,warehouse,,,,,,,sale,,https://rebusinessonline.com/sitex-acquires-172000-industrial-warehouse-in-lyndhurst-new-jersey/,,med,DATE UNVERIFIED (not in search excerpt; surfaced in 2024-focused sweep - confirm year before use); call-list buyer,,B_year_2024.jsonl,0
,,Mahwah,Bergen,,,,,,,,54000,,17500000,324,,industrial,,,,,,NAI James E. Hanson,sale,,https://re-nj.com/nai-hanson-inks-sale-of-54000-sq-ft-mahwah-industrial-building/,,med,DATE NOT IN SEARCH EXCERPT - verify year is 2023 before joining; also REBusinessOnline https://rebusinessonline.com/nai-hanson-brokers-sale-of-54000-sf-industrial-building-in-mahwah-new-jersey/ | DATE NOT IN SEARCH EXCERPT - verify year is 2023 before joining; industrial redevelopment site | VALIDATION: psf computed,,B_year_2023.jsonl,1
,,Metuchen,Middlesex,,,,,,,,13000,,3500000,269,,industrial,,,,,,BRC (Bussel Realty Corp.),sale,,https://re-nj.com/investment-firms-trade-13000-sq-ft-metuchen-industrial-building-in-3-5-million-deal-by-brc/,,med,"DATE NOT IN SEARCH EXCERPT - verify year is 2023 before joining; 'nearly 13,000 SF' (approx); traded between investment firms; psf computed",,B_year_2023.jsonl,0
,,Middlesex Borough,Middlesex,,,,,,,,,,1050000,,,flex,,,,,,Kislak,sale,,https://kislakrealty.com/news/kislak-sells-industrial-flex-building-in-middlesex-n-j-for-1-05-million/,,high,"DATE UNVERIFIED (headline only, surfaced in 2022 sweep); 'Middlesex, N.J.' read as Middlesex Borough",,B_year_2022.jsonl,0
,1065 Cranbury South River Road,Monroe Township,Middlesex,Property Reserve Inc,PROPERTY RESERVE,,,Morgan Stanley,MORGAN STANLEY,,450330,,,,,warehouse,,100,Iron Mountain Information Management LLC,,,"Listing: CBRE (Brian Fiumara, Brad Ruppel)",sale,,https://www.cbre.com/press-releases/cbre-arranges-sale-of-industrial-property-at-1065-cranbury-south-river-road-in-monroe-township-nj,,high,Eastpoint at Exit 8A; 100% leased to Iron Mountain; price undisclosed; buyer not in excerpt; DATE UNVERIFIED (surfaced in 2022 sweep); Buyer Property Reserve Inc. named in CBRE release per town-sweep search excerpt,,B_year_2022.jsonl,0
,PORTFOLIO: 2 buildings (Exit 8A),Monroe Township,Middlesex,Prologis Inc,PROLOGIS,,,,,,1100000,,197400000,179,,warehouse,,,,,,,portfolio,"2-building, 1.1 million SF Exit 8A (Monroe Township) portfolio bought by Prologis in reported $197.4M deal",https://re-nj.com/prologis-buys-1-1-million-sq-ft-industrial-portfolio-at-exit-8a-in-reported-197-million-deal/,,med,DATE UNVERIFIED (excerpt undated; surfaced in 2022 town sweep); addresses not in excerpt; psf computed,,B_year_2022.jsonl,0
,,Moonachie,Bergen,Legacy Real Estate Developers / Commerce Park Investors,LEGACY REAL ESTATE DEVELOPERS COMMERCE PARK INVESTORS,,,,,,30000,,,,,industrial,,,,,,,JV,,https://re-nj.com/category/market-sectors/industrial/,,low,"DATE UNVERIFIED (not in search excerpt; surfaced in 2024-focused sweep - confirm year before use); nearly 30,000 SF; new partnership; SOURCE ATTRIBUTION UNCERTAIN: surfaced via RE-NJ industrial category page, article URL not captured",,B_year_2024.jsonl,0
,80 Knickerbocker Road,Moonachie,Bergen,Dora's Naturals,DORA S NATURALS,,,,,,71000,,20900000,294,,warehouse,,,,,,,sale,,https://re-nj.com/organic-foods-company-expands-in-moonachie-buys-71000-sq-ft-warehouse-for-21-million/,,med,DATE UNVERIFIED (not in search excerpt; surfaced in 2024-focused sweep - confirm year before use); 'expands' implies after the Jul-2024 210 W Commercial Ave buy (late 2024 or 2025); NJBIZ reports $21M (https://njbiz.com/doras-naturals-expands-in-bergen-county-with-21m-industrial-acquisition); psf computed,,B_year_2024.jsonl,0
,,Mount Laurel,Burlington,,,,,Endurance Real Estate Group LLC and Thackeray Partners,ENDURANCE REAL ESTATE GROUP AND THACKERAY PARTNERS,,292466,,32200000,110,,warehouse,,,,,,Colliers,sale,,https://njbiz.com/endurance-announces-32m-industrial-warehouse-sale/,,med,DATE NOT IN SEARCH EXCERPT - verify year is 2023 before joining; Class A industrial warehouse; buyer not in excerpt; psf computed | DATE NOT IN SEARCH EXCERPT - verify year is 2023 before joining,,B_year_2023.jsonl,1
,,New Brunswick,Middlesex,,,,,,,,,5.6,,,,IOS,,,,,,NAI James E. Hanson,sale,,https://www.naihanson.com/news/nai-james-e-hanson-negotiates-sale-of-5-6-acre-industrial-outdoor-storage-property-in-new-brunswick-n-j/,,high,DATE UNVERIFIED (headline only); 5.6-acre industrial outdoor storage property,,B_year_2022.jsonl,0
,,Newark,Essex,Goodman Group,GOODMAN GROUP,,,Anheuser-Busch,ANHEUSER BUSCH,,72000,7,360000000,5000,,land,,,,,,"Listing: Newmark (Adam Doneger, Adam Petrillo)",sale,,https://www.nmrk.com/insights/press-releases/newmark-arranges-360-million-sale-of-industrial-redevelopment-opportunity-in-newark-nj-on-behalf-of-anheuser-busch,,high,Former Anheuser-Busch Newark brewery adjacent to Newark Liberty Airport sold as industrial redevelopment opportunity; DATE UNVERIFIED (surfaced in 2022 sweep) | DATE UNVERIFIED (headline only); buyer plans update of facility | DATE UNVERIFIED (not in search excerpt; surfaced in 2024-focused sweep - confirm year before use); ~7-acre Newark site acquired 'in May' (year not in excerpt) to reposition as low-coverage infill industrial parcel for Garden State Cold Storage | DATE UNVERIFIED (not in search excerpt; surfaced in 2024-focused sweep - confirm year before use); just south of I-280; buyer plans renovation | VALIDATION: psf computed,,B_year_2022.jsonl;B_year_2024.jsonl,3
,200 US Route 1,Newark,Essex,Goodman North America Management LLC,GOODMAN NORTH AMERICA MANAGEMENT,Goodman Group,,Anheuser-Busch,ANHEUSER BUSCH,,1700000,83.6,360000000,212,,land,,,,,,Listing: Newmark (Adam Donegar),sale,,https://www.nmrk.com/insights/press-releases/newmark-arranges-360-million-sale-of-industrial-redevelopment-opportunity-in-newark-nj-on-behalf-of-anheuser-busch,,high,"YEAR NOT IN SEARCH EXCERPT - closed 'in April' of an unstated year (likely post-2023; verify, may be out of window); 1.7M SF brewery plant on 83.6 acres near Newark Airport; ~$43.6M allocated to buildings and ~$317M to land; Goodman plans industrial/manufacturing/logistics redevelopment; also re-nj https://re-nj.com/newmark-goodman-buys-landmark-anheuser-busch-brewery-site-in-newark-for-360-million/ and NJBIZ https://njbiz.com/anheuser-busch-newark-brewery-sale-goodman/ ($361M); psf computed",,B_year_2023.jsonl,0
,324-342 Thomas Street,Newark,Essex,,,,,C.C.A. International,C C A INTERNATIONAL,,45700,,12100000,265,,industrial,,,,,,,sale,,https://traded.co/deals/new-jersey/industrial/sale/324-342-thomas-street/,,low,DATE UNVERIFIED (not in search excerpt; surfaced in 2024-focused sweep - confirm year before use); off-market; long-term owner; psf stated by source,,B_year_2024.jsonl,0
,873-915 Delancey Street,Newark,Essex,,,,,,,,,,85000000,,,industrial,,,,,,,sale,,https://traded.co/deals/new-jersey/industrial/sale/873-915-delancey-street/,,low,DATE NOT IN SEARCH EXCERPT - verify year is 2023 before joining; buyer/seller/SF not in excerpt,,B_year_2023.jsonl,0
,,North Bergen,Hudson,Sitex Group,SITEX GROUP,,,,,,15000,,3000000,200,,industrial,,100,,,,Connors,sale,,https://re-nj.com/connors-inks-3-million-sale-of-15000-sq-ft-north-bergen-industrial-building/,,med,"DATE UNVERIFIED (headline only); psf computed | DATE NOT IN SEARCH EXCERPT - verify year is 2023 before joining; psf computed | DATE UNVERIFIED (not in search excerpt; surfaced in 2024-focused sweep - confirm year before use); call-list buyer; Nuveen later provided $28M permanent loan on a 215,000 SF North Bergen asset (may be same building; https://re-nj.com/nuveen-closes-28-million-loan-for-215000-sq-ft-north-bergen-industrial-asset-jll-says/)",,B_year_2022.jsonl;B_year_2023.jsonl;B_year_2024.jsonl,3
,1453 75th St,North Bergen,Hudson,private buyer,PRIVATE BUYER,,,,,,30000,,4800000,160,,industrial,,,,,,Connors Realty,sale,,https://re-nj.com/connors-inks-4-8-million-sale-of-30000-sq-ft-north-bergen-warehouse/,,med,"DATE UNVERIFIED (not in search excerpt; surfaced in 2024-focused sweep - confirm year before use); listing sites in results currently show 1453 75th St (28,000 SF) offered at $5.5M, so this sale may predate a re-listing; psf computed",,B_year_2024.jsonl,0
,8300 Tonnelle Ave,North Bergen,Hudson,,,,,,,,15000,,3050000,203,,industrial,,,,,,Connors Realty,sale,,https://re-nj.com/connors-inks-3-million-sale-of-15000-sq-ft-north-bergen-industrial-building/,,med,"DATE UNVERIFIED (not in search excerpt; surfaced in 2024-focused sweep - confirm year before use); 'more than 15,000 SF'; psf computed",,B_year_2024.jsonl,0
,1453 Jersey Avenue,North Brunswick,Middlesex,,,,,,,,,,3800000,,,industrial,,,,,,,sale,,https://traded.co/deals/new-jersey/industrial/sale/1453-jersey-avenue/,,low,DATE NOT IN SEARCH EXCERPT - verify year is 2023 before joining; buyer/seller/SF not in excerpt | DATE UNVERIFIED (not in search excerpt; surfaced in 2024-focused sweep - confirm year before use); aggregator headline only,,B_year_2023.jsonl;B_year_2024.jsonl,1
,,Northvale,Bergen,,,,,,,,37000,,7600000,205,,industrial,,,,,,Cushman & Wakefield,sale,,https://re-nj.com/3pl-firm-buys-37000-sq-ft-bergen-county-warehouse-to-support-growth-brc-says/,,med,"DATE NOT IN SEARCH EXCERPT - verify year is 2023 before joining; a re-nj/njbiz excerpt says a 37,000 SF Northvale industrial building sold for $7.6M; the BRC 3PL-buyer 37,000 SF Bergen County article may be the same deal - attribution inferred, verify; NJBIZ 'Pantheon Properties sells industrial property in Northvale' https://njbiz.com/pantheon-properties-sells-industrial-property-in-northvale/ may also relate; psf computed | DATE NOT IN SEARCH EXCERPT - verify year is 2023 before joining; industrial complex",,B_year_2023.jsonl,1
,,Old Bridge,Middlesex,Dalfen Industrial and Centerbridge Partners LP (JV),DALFEN INDUSTRIAL AND CENTERBRIDGE PARTNERS JV,,,,,,,7,,,,IOS,,,,,,,JV,,https://njbiz.com/acquisition-expands-dalfen-industrials-nj-footprint/,,med,Nearly 7-acre IOS site acquired 'last October' per NJBIZ Dalfen article (Oct 2022 or Oct 2023 - verify); part of a two-property deal that also included a California site; marked Dalfen's entry to Central Jersey; acres approx,,B_year_2023.jsonl,0
,,Paterson,Passaic,private investor,PRIVATE INVESTOR,,,specialty foods company (unnamed),SPECIALTY FOODS COMPANY UNNAMED,,26000,,3900000,150,,cold storage,,,,,,IPRG,sale,,https://re-nj.com/iprg-specialty-foods-company-sells-paterson-cold-storage-complex-for-3-9-million/,,med,"DATE UNVERIFIED (not in search excerpt; surfaced in 2024-focused sweep - confirm year before use); three-building complex with 8,000+ SF refrigerated space plus warehouse/office; psf computed",,B_year_2024.jsonl,0
,Hopewell Valley Industrial Park,Pennington,Mercer,,,,,,,,,,3300000,,,small-bay,,,,,,Kislak,sale,,https://kislakrealty.com/news/kislak-sells-hopewell-valley-industrial-park-in-pennington-n-j-for-3-3-million/,,high,"DATE UNVERIFIED (headline only, surfaced in 2022 sweep)",,B_year_2022.jsonl,0
,144 Grant Street,Perth Amboy,Middlesex,Gourmet Nut,GOURMET NUT,,,,,,62000,,4600000,74,,industrial,,,,,,Bussel Realty Corp.,sale,,https://re-nj.com/brc-food-company-moving-from-brooklyn-buys-perth-amboy-warehouse/,,med,"DATE UNCONFIRMED: search excerpt carried no date (surfaced in a 2019-filtered sweep); verify year before treating as a 2019 sale. Food company Gourmet Nut, relocating from Brooklyn, paid $4.6M for the 62,000 SF industrial building (user buyer); Bussel Realty Corp. brokered. Seller not in excerpt. psf computed",,B_year_2019.jsonl,0
,,Piscataway,Middlesex,BlackRock,BLACKROCK,,,Greek Development / LaSalle Investment Management,GREEK DEVELOPMENT LASALLE INVESTMENT MANAGEMENT,,300000,,80000000,267,,warehouse,,,,,,Lee & Associates,sale,,https://re-nj.com/blackrock-buys-300000-sq-ft-piscataway-warehouse-for-80-million-lee-associates-says/,,med,"DATE UNVERIFIED (not in search excerpt; surfaced in 2024-focused sweep - confirm year before use); psf computed | DATE UNVERIFIED - only the headline was available in the search excerpt (surfaced in 2022 sweep); verify year, address, parties.; JLL newsroom: 101,381 SF distribution facility, $26.5M (https://www.jll.com/en-us/newsroom/warehouse-trades-in-northern-new-jersey); REBusinessOnline also reports; a search summary grouped it under 2023 and another described a May 2023 Piscataway sale-leaseback of 101,381 SF - YEAR UNVERIFIED; psf computed | DATE UNVERIFIED (not in search excerpt; surfaced in 2024-focused sweep - confirm year before use); buyer/price not in excerpt | DATE NOT IN SEARCH EXCERPT - verify year is 2023 before joining; site acquired for a planned 298,000 SF industrial project | DATE UNVERIFIED (not in search excerpt; surfaced in 2024-focused sweep - confirm year before use); site sale setting up 2.4M SF industrial development; parties not in excerpt | DATE UNVERIFIED (not in search excerpt; surfaced in 2024-focused sweep - confirm year before use); JV acquires site for planned 298,000 SF industrial project; parties not in excerpt",,B_year_2022.jsonl;B_year_2023.jsonl;B_year_2024.jsonl,5
,,Randolph,Morris,Commerce Park Investors,COMMERCE PARK INVESTORS,,,,,,28000,,4500000,161,,warehouse,,,,,,,sale,,https://re-nj.com/category/market-sectors/industrial/,,low,"DATE UNVERIFIED (not in search excerpt; surfaced in 2024-focused sweep - confirm year before use); SOURCE ATTRIBUTION UNCERTAIN: surfaced via RE-NJ industrial category page in results, article URL not captured; psf computed",,B_year_2024.jsonl,0
,,Ridgefield Park,Bergen,,,,,,,,,3.5,,,,land,,,,,,NAI James E. Hanson,land,,https://www.naihanson.com/news/nai-james-e-hanson-negotiates-sale-of-3-5-acre-industrial-site-in-ridgefield-park-n-j/,,high,DATE UNVERIFIED (headline only); 3.5-acre industrial site,,B_year_2022.jsonl,0
,,Rockaway,Morris,private investor,PRIVATE INVESTOR,,,,,,38700,,4250000,110,,industrial,,,,,,Newmark,sale,,https://re-nj.com/rockaway-industrial-building-sells-for-4-25-million-newmark-says/,,med,DATE UNVERIFIED (not in search excerpt; surfaced in 2024-focused sweep - confirm year before use); psf computed | DATE NOT IN SEARCH EXCERPT - verify year is 2023 before joining | DATE UNVERIFIED (not in search excerpt; surfaced in 2024-focused sweep - confirm year before use); Faropoint expands Morris County shallow-bay portfolio in Rockaway; sf/price not in excerpt | DATE NOT IN SEARCH EXCERPT - verify year is 2023 before joining; industrial complex,,B_year_2023.jsonl;B_year_2024.jsonl,4
,36 Pine Street,Rockaway,Morris,Commerce Park Investors,COMMERCE PARK INVESTORS,,,,,,53252,,,,,industrial,,,,,,"Procuring: Resource Realty of Northern New Jersey (Greg Sabato, Scott Peck)",sale,,https://www.connectcre.com/stories/northern-nj-industrial-with-heavy-power-trades-to-commerce-park-investors/,,med,"DATE UNCONFIRMED: search excerpt carried no date (surfaced in a 2019-filtered sweep); verify year before treating as a 2019 sale. 53,252 SF standalone heavy-power industrial building (2,500-amp/440-volt service, two tailboard docks, one drive-in); Resource Realty represented buyer Commerce Park Investors. Price and seller not in excerpt.",,B_year_2019.jsonl,0
,15 Worlds Fair Drive,Somerset,Somerset,,,,,Fusion LLC,FUSION,,,,,,,industrial,,,,,,,sale,,https://traded.co/deals/new-jersey/industrial/sale/15-worlds-fair-drive/,,low,DATE UNVERIFIED - only headline in excerpt; price/SF/buyer not in excerpt.,,B_year_2022.jsonl,0
,,Somerset (Franklin Township),Somerset,Jadian,JADIAN,,,,,,236000,5.2,,,,IOS,2024,,,,,CBRE,sale,,https://re-nj.com/jadian-grabs-5-2-acre-somerset-property-in-latest-new-jersey-industrial-outdoor-storage-deal/,,med,"DATE NOT IN SEARCH EXCERPT - verify year is 2023 before joining | DATE UNVERIFIED (not in search excerpt; surfaced in 2024-focused sweep - confirm year before use); Cottontail Logistics Center, completed 2024, 36-ft clear, 65 docks, 98 car spaces; parties/price not in excerpt | DATE UNVERIFIED (not in search excerpt; surfaced in 2024-focused sweep - confirm year before use); headline-only excerpt",,B_year_2023.jsonl;B_year_2024.jsonl,2
,2301 Cottontail Lane,Somerset (Franklin Twp),Somerset,,,,,,,,144000,9,,,,warehouse,,,,,,CBRE,sale,,https://re-nj.com/cbre-investment-firm-buys-144000-sq-ft-somerset-industrial-building/,,med,"DATE UNCONFIRMED: search excerpt carried no date (surfaced in a 2019-filtered sweep); verify year before treating as a 2019 sale. Nearly 144,000 SF industrial building on 9 acres (13 loading docks, 26-ft ceilings) bought by an unnamed investment manager; CBRE brokered (REBusinessOnline lists the same sale as 143,670 SF). Price and seller not in excerpt.",,B_year_2019.jsonl,0
,,South Brunswick,Middlesex,,,,,,,,,,13100000,,,industrial,,,,,,Atlantic,sale,,https://re-nj.com/south-brunswick-industrial-building-sells-for-13-1-million-atlantic-says/,,med,DATE UNVERIFIED (headline only),,B_year_2022.jsonl,0
,130 Interstate Blvd,South Brunswick,Middlesex,,,,,Terreno Realty Corp,TERRENO REALTY,,603000,,144000000,239,,warehouse,,100,,,,,sale,,https://re-nj.com/terreno-sells-603000-sq-ft-south-brunswick-warehouse-for-144-million/,,med,"Call-list name as SELLER (Terreno); sold for 'more than $144 million' to an undisclosed buyer, fully leased; DATE UNVERIFIED (excerpt undated); psf computed | DATE UNVERIFIED (not in search excerpt; surfaced in 2024-focused sweep - confirm year before use); 'more than $144 million'; fully leased; buyer undisclosed; Terreno is a call-list buyer (disposition); psf computed",,B_year_2022.jsonl;B_year_2024.jsonl,1
,138 Georges Road,South Brunswick,Middlesex,Turnbridge Equities,TURNBRIDGE EQUITIES,,,,,,143000,,23750000,166,,warehouse,,,,,,,sale,,https://re-nj.com/turnbridge-buys-143000-sq-ft-south-brunswick-warehouse-eyes-value-add-plan/,,med,Dayton section of South Brunswick; value-add plan; DATE UNVERIFIED (excerpt undated); psf computed,,B_year_2022.jsonl,0
,34 Stouts Lane,South Brunswick,Middlesex,SNS Real Estate Investment Group,SNS REAL ESTATE INVESTMENT GROUP,,,NCH Corp.,NCH,,84000,,,,,warehouse,,0,,,,Avison Young,sale,,https://re-nj.com/sns-real-estate-buys-84000-sq-ft-south-brunswick-warehouse-avison-young-says/,,med,"DATE UNVERIFIED (not in search excerpt; surfaced in 2024-focused sweep - confirm year before use); vacant at sale, buyer renovating",,B_year_2024.jsonl,0
,152 West Street,South Plainfield,Middlesex,Sitex Group,SITEX GROUP,,,Progressive Casualty Insurance,PROGRESSIVE CASUALTY INSURANCE,,22000,,,,,IOS,,,,,,,sale,,https://re-nj.com/sitex-buys-ex-progressive-facility-off-i-287-eyeing-new-use-as-industrial-outdoor-storage/,,med,"DATE NOT IN SEARCH EXCERPT - verify year is 2023 before joining; call-list buyer (Sitex); 22,000 SF former Progressive claims center to be repurposed as IOS; price not in excerpt",,B_year_2023.jsonl,0
,4 American Way,Spotswood,Middlesex,LPBS Corp,LPBS,,,Dart Seasonal Products,DART SEASONAL PRODUCTS,,80000,,9200000,115,,industrial,,,,,,Bussel Realty Corp. (BRC),sale,,https://re-nj.com/brc-inks-sale-of-80000-sq-ft-industrial-building-in-middlesex-county/,,med,DATE UNVERIFIED (surfaced in 2022 sweep); seller described as a maker of ice-melting products (Dart Seasonal); sold for 'more than $9 million' / $9.2M; psf computed,,B_year_2022.jsonl,0
,,Teterboro,Bergen,,,,,,,,14600,,,,,flex,,,,,,NAI James E. Hanson,sale,,https://www.naihanson.com/news/nai-james-e-hanson-closes-sale-of-14600-square-foot-industrial-flex-property-in-teterboro-new-jersey/,,high,DATE NOT IN SEARCH EXCERPT - verify year is 2023 before joining,,B_year_2023.jsonl,0
,50 Hollister Road,Teterboro,Bergen,,,,,,,,14664,,,,,flex,,,,,,NAI James E. Hanson,sale,,https://www.naihanson.com/news/nai-james-e-hanson-closes-sale-of-14600-square-foot-industrial-flex-property-in-teterboro-new-jersey/,,high,DATE UNVERIFIED (not in search excerpt; surfaced in 2024-focused sweep - confirm year before use); brokerage release; parties/price not in excerpt,,B_year_2024.jsonl,0
,PORTFOLIO: 13 buildings (industrial park),Totowa,Passaic,,,,,Heritage Capital,HERITAGE CAPITAL,,507000,,,,,small-bay,,,,,,,portfolio,"13-building, 507,000 SF Totowa industrial park sold by Heritage Capital",https://re-nj.com/heritage-capital-sells-13-building-507000-sq-ft-industrial-park-in-totowa/,,med,DATE UNVERIFIED (headline only); buyer/price not in excerpt,,B_year_2022.jsonl,0
,2461 Iorio Street,Union,Union,,,,,,,,,,,,,industrial,,,,,,,sale,,https://traded.co/deals/new-jersey/industrial/sale/2461-iorio-street-1/,,low,DATE UNVERIFIED (not in search excerpt; surfaced in 2024-focused sweep - confirm year before use); aggregator headline only; price not shown,,B_year_2024.jsonl,0
,520 Main Ave,Wallington,Bergen,Devli Real Estate,DEVLI REAL ESTATE,,,,,,,26.6,,,,land,,,,,,,land,,https://re-nj.com/devli-acquires-wallington-industrial-site-assembling-34-acre-development-parcel/,,med,"DATE UNVERIFIED (surfaced in 2022 sweep); unoccupied industrial site, part of a 34-acre development assemblage near I-80/I-95",,B_year_2022.jsonl,0
,,Wood-Ridge,Bergen,,,,,,,,,,4000000,,,warehouse,,,,,,,sale,,https://www.connectcre.com/stories/wood-ridge-warehouse-sold-for-4m/,,med,DATE UNVERIFIED - only headline in excerpt; address/SF/parties not in excerpt.,,B_year_2022.jsonl,0
,,Woodbridge,Middlesex,laboratory plastics maker (unnamed in excerpt),LABORATORY PLASTICS MAKER UNNAMED IN EXCERPT,,,,,,30000,,,,,warehouse,,,,,,,sale,,https://re-nj.com/laboratory-plastics-maker-acquires-30000-sq-ft-warehouse-in-woodbridge/,,med,DATE NOT IN SEARCH EXCERPT - verify year is 2023 before joining; owner-user,,B_year_2023.jsonl,0
2019-01,540 Glen Avenue,Moorestown,Burlington,One Liberty Properties Inc.,ONE LIBERTY PROPERTIES,,,,,,209000,,13550000,65,,industrial,,,,,,,sale,,http://www.roi-nj.com/2019/01/15/real_estate/209k-sq-ft-moorestown-industrial-building-sold/,2019-01-15,med,"209,000 SF industrial building sold to One Liberty Properties (NYSE-listed net-lease REIT) for $13.55M. Seller not captured in excerpt. psf computed",,B_year_2019.jsonl,0
2019-01,Former Ballantine Brewery campus,Newark,Essex,Turnbridge Equities,TURNBRIDGE EQUITIES,,,,,,1000000,,61000000,61,,industrial,,,,,,,JV,,https://therealdeal.com/new-york/2019/01/29/turnbridge-equities-buys-1m-sf-industrial-site-in-nj-opportunity-zone-for-61m/,2019-01-29,med,"Turnbridge Equities teamed with J.P. Morgan Asset Management to buy the ~1,000,000 SF former Ballantine Brewery industrial campus in a Newark Opportunity Zone for $61M. Street address not in excerpt. psf computed",,B_year_2019.jsonl,0
2019-01,727 South Avenue,Piscataway,Middlesex,Cavalli Cabinets LLC,CAVALLI CABINETS,,,,,,41700,,,,,industrial,,,,,,NAI James E. Hanson,sale,,https://www.naihanson.com/news/nai-hanson-negotiates-sale-of-industrial-property-to-cabinet-manufacturer-in-piscataway-n-j/,2019-01,high,"41,700 SF industrial building sold to cabinet manufacturer Cavalli Cabinets LLC (user buyer). Price and seller not in excerpt.",,B_year_2019.jsonl,0
2019-01,8 Applegate Drive,Robbinsville,Mercer,LBA Logistics,LBA LOGISTICS,,,,,,,30.7,13500000,,,industrial,,100,Nordson,,,Listing: JLL Capital Markets,sale,,https://njbiz.com/lba-logistics-purchases-13-5m-robbinsville-industrial-site/,2019-01,med,"Single-tenant warehouse/manufacturing facility on 30.7 acres, six loading docks and a drive-in door; 100% occupied by Nordson with 4+ years of term plus two 5-year options; JLL Capital Markets was exclusive agent for the (unnamed) seller. SF not in excerpt.",,B_year_2019.jsonl,0
2019-01,143 Leuning Street,South Hackensack,Bergen,City Knickerbocker,CITY KNICKERBOCKER,,,,,,20000,,,,,industrial,,,,,,"Procuring: NAI James E. Hanson (Russell Verducci, Eric Demmers)",sale,,https://www.naihanson.com/news/nai-james-e-hansons-verducci-and-demmers-negotiate-sale-of-20000-square-foot-south-hackensack-industrial-building/,2019-01,high,"20,000 SF industrial building; NAI Hanson represented the buyer City Knickerbocker. Price and seller not in excerpt.",,B_year_2019.jsonl,0
2019-01-02,1001 Roosevelt Avenue,Carteret,Middlesex,Seagis Property Group,SEAGIS PROPERTY GROUP,,,,,,93000,,,,,warehouse,,,,,,,sale,,https://www.prnewswire.com/news-releases/seagis-property-group-acquires-93-000-sf-industrial-building-in-northern-nj-300772034.html,2019-01,high,"93,000 SF warehouse acquired by Seagis Property Group (PRNewswire release, Jan 2019). Price and seller not in excerpt.",,B_year_2019.jsonl,0
2019-01-31,100 Performance Drive,Mahwah,Bergen,Colony Industrial,COLONY INDUSTRIAL,Colony Capital Inc.,,,,,271176,,,,,warehouse,2018,100,Snow Joe,,,,sale,,https://www.businesswire.com/news/home/20190326005307/en/Colony-Industrial-Acquires-Light-Industrial-Warehouses-Northern,2019-03-26,high,"Class A 271,176 SF warehouse built 2018, 100% leased long-term to Snow Joe; closed 2019-01-31 as the Northern NJ piece of Colony Industrial's 694,962 SF two-market (NJ + Las Vegas) acquisition. NJ price not broken out; seller not in excerpt.",,B_year_2019.jsonl,0
2019-02,801 Washington Avenue,Carlstadt,Bergen,Sitex Group,SITEX GROUP,,,,,,100000,5,,,,warehouse,,,,,,,sale,,https://www.roi-nj.com/2019/02/05/real_estate/sitex-adds-100k-sq-ft-warehouse-in-carlstadt-to-its-portfolio/,2019-02-05,med,"Sitex Group closed on 100,000 SF warehouse on approximately 5 acres. Call-list buyer (Sitex). Price and seller not captured in excerpt.",,B_year_2019.jsonl,0
2019-02,900 Fairmount Avenue,Elizabeth,Union,,,,,The Avidan Group / Elberon Development Group (JV),AVIDAN GROUP ELBERON DEVELOPMENT GROUP JV,,138642,,,,,cold storage,,100,Seafrigo Cold Storage,,,Procuring: JLL Capital Markets,sale,,https://njbiz.com/frozen-storage-facility-sold-in-njs-port-industrial-submarket/,2019-02,med,"Fully leased 138,642 SF Class A frozen storage facility near Port Newark-Elizabeth occupied by Seafrigo Cold Storage; sold Feb 2019 by the Avidan Group/Elberon Development Group JV (Elberon = call-list buyer, here a seller); JLL Capital Markets represented the buyer, who is not named in the excerpt. Price not in excerpt.",,B_year_2019.jsonl,0
2019-03,75 Ethel Road,Edison,Middlesex,Liberty Property Trust,LIBERTY PROPERTY TRUST,,,,,,101454,,12200000,120,,industrial,,,,,,,sale,,https://www.globest.com/2019/03/20/liberty-acquires-nj-industrial-buildings-looking-for-more/,2019-03-20,med,One of two separate NJ industrial purchases by Liberty Property Trust announced together (combined $51.8M); the other is 115 Moonachie Ave. Seller not captured in excerpt. psf computed,,B_year_2019.jsonl,0
2019-03,115 Moonachie Avenue,Moonachie,Bergen,Liberty Property Trust,LIBERTY PROPERTY TRUST,,,,,,168800,,39600000,235,,small-bay,,,,,,,sale,,https://www.globest.com/2019/03/20/liberty-acquires-nj-industrial-buildings-looking-for-more/,2019-03-20,med,"168,800 SF multi-tenant industrial building; one of two separate NJ purchases by Liberty Property Trust announced together (combined $51.8M); the other is 75 Ethel Rd, Edison. Seller not captured in excerpt. psf computed",,B_year_2019.jsonl,0
2019-03,380 Jelliff Avenue,Newark,Essex,Nines Enterprises LLC,NINES ENTERPRISES,,,,,,65000,,,,,warehouse,,,,,,,sale,,https://re-nj.com/industrial-user-acquires-65000-sq-ft-newark-building/,2019-03,med,"Industrial user Nines Enterprises LLC acquired the 65,000 SF building for warehouse use (March 2019). Price, seller and brokers not in excerpt.",,B_year_2019.jsonl,0
2019-04,463 Barell Avenue,Carlstadt,Bergen,,,,,,,,71745,,7700000,107,,industrial,,,,,,HFF,sale,,https://rebusinessonline.com/hff-brokers-7-7m-sale-of-industrial-property-in-carlstadt-new-jersey/,2019-04,med,"71,745 SF industrial building with two loading doors, six drive-in doors and clear heights up to 21 ft; HFF brokered. Buyer/seller not captured in excerpt. psf computed",,B_year_2019.jsonl,0
2019-04,,Hamilton,Mercer,Black Creek Group,BLACK CREEK GROUP,,,,,,,,8500000,,,warehouse,,,,,,HFF,sale,,https://www.roi-nj.com/2019/04/05/real_estate_development/hff-inks-8-5m-sale-of-new-industrial-warehouse-in-hamilton/,2019-04-05,med,"HFF closed the $8.5M sale of a new industrial warehouse/distribution facility in Hamilton (Mercer) to Black Creek Group. Address, SF and seller not in excerpt.",,B_year_2019.jsonl,0
2019-05,,Clifton,Passaic,Shawnee Transportation,SHAWNEE TRANSPORTATION,,,,,,121000,,12800000,106,,warehouse,,,,,,NAI James E. Hanson,sale,,https://re-nj.com/logistics-firm-acquires-121000-sq-ft-warehouse-in-clifton-nai-hanson-says/,2019-05,med,"121,000 SF Clifton warehouse acquired by a logistics firm in May 2019 (RE-NJ; NAI Hanson brokered). The Real Deal's Aug 2019 NJ Opportunity Zone ranking (https://therealdeal.com/magazine/tristate-august-2019/njs-biggest-o-zone-trades/) names the buyer as Shawnee Transportation at ~$106/SF (~$12.8M). Street address not captured in excerpts. psf computed",,B_year_2019.jsonl,0
2019-05,PORTFOLIO: 7 buildings,Fairfield,Essex,,,,,,,,315800,,30000000,95,,flex,,,,,,,portfolio,"7-building, 315,800 SF industrial and office/flex portfolio in Fairfield (Clinton Road, Lehigh Drive, Dwight Place, Industrial Road) sold for more than $30M",https://therealdeal.com/2019/05/07/7-building-portfolio-in-fairfield-sells-for-30m,2019-05-07,med,"Buyer unidentified in article; price reported as 'more than $30 million' (30000000 is a floor). Individual building addresses not listed, only streets. psf computed on the $30M floor",,B_year_2019.jsonl,0
2019-06,27 Engelhard Avenue,Avenel (Woodbridge Twp),Middlesex,Seagis Property Group,SEAGIS PROPERTY GROUP,,,,,,26000,,,,,warehouse,,100,,,,,sale,,https://www.prnewswire.com/news-releases/seagis-property-group-acquires-274-000-sf-in-four-northern-nj-acquisitions-300865491.html,2019-06,high,"One of four separate northern NJ warehouse acquisitions (274,000 SF total) Seagis announced in June 2019 as closed since the start of 2019; all four fully leased. Exact closing date and price not stated. Primary source: Seagis PRNewswire release (June 2019); NJBIZ coverage at https://njbiz.com/seagis-property-group-acquires-274000-square-feet-north-jersey-acquisitions/",,B_year_2019.jsonl,0
2019-06,80 Essex Avenue East,Avenel (Woodbridge Twp),Middlesex,,,,,,,,81000,,,,,warehouse,,,,,,Lee & Associates New Jersey,sale,,https://www.roi-nj.com/2019/06/28/real_estate/lee-associates-n-j-brokers-sale-of-industrial-warehouse-in-avanel/,2019-06-28,med,"81,000 SF industrial warehouse; Lee & Associates NJ brokered the sale. Price, buyer and seller not captured in search excerpt.",,B_year_2019.jsonl,0
2019-06,360 Allwood Road,Clifton,Passaic,Seagis Property Group,SEAGIS PROPERTY GROUP,,,,,,23000,,,,,warehouse,,100,,,,,sale,,https://www.prnewswire.com/news-releases/seagis-property-group-acquires-274-000-sf-in-four-northern-nj-acquisitions-300865491.html,2019-06,high,"One of four separate northern NJ warehouse acquisitions (274,000 SF total) Seagis announced in June 2019 as closed since the start of 2019; all four fully leased. Exact closing date and price not stated. Primary source: Seagis PRNewswire release (June 2019); NJBIZ coverage at https://njbiz.com/seagis-property-group-acquires-274000-square-feet-north-jersey-acquisitions/",,B_year_2019.jsonl,0
2019-06,100 Frontage Road,Newark,Essex,Seagis Property Group,SEAGIS PROPERTY GROUP,,,,,,180000,,,,,warehouse,,100,,,,,sale,,https://www.prnewswire.com/news-releases/seagis-property-group-acquires-274-000-sf-in-four-northern-nj-acquisitions-300865491.html,2019-06,high,"One of four separate northern NJ warehouse acquisitions (274,000 SF total) Seagis announced in June 2019 as closed since the start of 2019; all four fully leased. Exact closing date and price not stated. Primary source: Seagis PRNewswire release (June 2019); NJBIZ coverage at https://njbiz.com/seagis-property-group-acquires-274000-square-feet-north-jersey-acquisitions/",,B_year_2019.jsonl,0
2019-06,400 County Avenue,Secaucus,Hudson,Seagis Property Group,SEAGIS PROPERTY GROUP,,,,,,45000,,,,,warehouse,,100,,,,,sale,,https://www.prnewswire.com/news-releases/seagis-property-group-acquires-274-000-sf-in-four-northern-nj-acquisitions-300865491.html,2019-06,high,"One of four separate northern NJ warehouse acquisitions (274,000 SF total) Seagis announced in June 2019 as closed since the start of 2019; all four fully leased. Exact closing date and price not stated. Primary source: Seagis PRNewswire release (June 2019); NJBIZ coverage at https://njbiz.com/seagis-property-group-acquires-274000-square-feet-north-jersey-acquisitions/",,B_year_2019.jsonl,0
2019-07-23,1001 Durham Avenue,South Plainfield,Middlesex,Edgewood Properties,EDGEWOOD PROPERTIES,,,ConnectOne Bancorp Inc.,CONNECTONE BANCORP,,104020,,,,,other,,0,,,,Listing: JLL,sale,,https://www.jll.com/en-us/newsroom/jll-closes-sale-of-nj-industrial-warehouse,2019-07-23,high,"Vacant 104,020 SF office building sold by ConnectOne Bancorp to Edgewood Properties as an industrial redevelopment opportunity in the West I-287 industrial submarket (JLL newsroom; also GlobeSt 2019-07-24 https://www.globest.com/2019/07/24/edgewood-properties-buys-vacant-south-plainfield-office-building/). Recorded because it was bought for industrial conversion; price not in excerpt.",,B_year_2019.jsonl,0
2019-08,600 Ridge Road (Piscataway Logistics Center),Piscataway,Middlesex,Kiss Products,KISS PRODUCTS,,,Rockefeller Group / Pacific Coast Capital Partners (JV),ROCKEFELLER GROUP PACIFIC COAST CAPITAL PARTNERS JV,,469600,,65700000,140,,warehouse,2019,,,,,,sale,,https://therealdeal.com/new-york/tristate/2019/08/01/tom-brady-and-gisele-shop-for-a-suburban-home-north-jersey-industrial-site-sells-for-66m-more-tri-state-real-estate-news/,2019-08-01,med,"Rockefeller Group and JV partner PCCP sold the newly built 469,600 SF Piscataway Logistics Center to user Kiss Products for $65.7M. Street address (600 Ridge Rd) and year built (2019) cross-referenced from Connect CRE item on the same 469,600 SF building (https://www.connectcre.com/stories/duke-realty-adds-piscataway-warehouse-to-nj-portfolio/). psf computed",,B_year_2019.jsonl,0
2019-09,114 Beach Street,Rockaway,Morris,Davco Group (Sholom Davidowits),DAVCO GROUP SHOLOM DAVIDOWITS,,,The Silverman Group,SILVERMAN GROUP,,170000,10,,,,small-bay,,99,,,,Cushman & Wakefield (NJ Capital Markets team),sale,,https://www.cushmanwakefield.com/en/united-states/news/2019/09/nj-cw-arranges-sale-of-rockaway-nj,2019-09,high,"Six-building, 170,000 SF multi-tenant industrial complex on 10+ acres, 99% leased to 17 tenants; sold by The Silverman Group to Sholom Davidowits of Davco Group. Price not disclosed in excerpt. Also reported by GlobeSt 2019-09-05 (https://www.globest.com/2019/09/05/nycs-davo-group-acquires-rockaway-nj-industrial-complex/).",,B_year_2019.jsonl,0
2019-10,190 Jony Drive,Carlstadt,Bergen,,,,,,,,102611,,15000000,146,,industrial,,100,,,,JLL,sale,,https://www.roi-nj.com/2019/10/07/real_estate_development/carlstadt-industrial-property-sells-for-15m/,2019-10-07,med,"102,611 SF production/warehouse building, fully leased at sale; JLL brokered; also reported by REBusinessOnline (https://rebusinessonline.com/jll-brokers-15m-sale-of-industrial-property-in-carlstadt-new-jersey/). Buyer/seller not captured in search excerpt. psf computed",,B_year_2019.jsonl,0
2019-10-10,12 Daniel Road,Fairfield,Essex,EverWest Real Estate Investors,EVERWEST REAL ESTATE INVESTORS,,EverWest Real Estate Investors LLC,Unifoil Corp.,UNIFOIL,,100000,4.99,,,,industrial,1988,100,Unifoil Corp.,,,CBRE,sale-leaseback,,https://www.roi-nj.com/2019/10/09/real_estate/cbre-arranges-sale-leaseback-of-industrial-facility-in-fairfield/,2019-10-09,med,"100,000 SF industrial facility on 4.99 acres (27,000 SF office, parking for 188 cars), built 1988; CBRE arranged the sale-leaseback by manufacturer Unifoil Corp. to EverWest, Unifoil stays as tenant (ROI-NJ 2019-10-09). Also listed on traded.co (https://traded.co/deals/new-jersey/industrial/sale/12-daniel-rd-1/). Price not disclosed.",,B_year_2019.jsonl,0
2019-11,183 Three Brooks Road,Freehold,Monmouth,Treetop Development,TREETOP DEVELOPMENT,,,,,,118400,,11950000,101,,warehouse,,,,,,CBRE,sale,,https://re-nj.com/treetop-adds-120000-sq-ft-industrial-building-in-freehold/,2019-11,med,"Treetop Development bought the 118,400 SF warehouse complex for $11.95M (CBRE announced, Nov 2019). Seller not in excerpt. Distinct from Treetop's $18M Sept 2019 purchase recorded separately. psf computed",,B_year_2019.jsonl,0
2019-11,1501-1525 W. Blancke Street,Linden,Union,Link Industrial Properties,LINK INDUSTRIAL PROPERTIES,,,Penwood Real Estate Investment Management,PENWOOD REAL ESTATE INVESTMENT MANAGEMENT,,,,,,,industrial,,,,,,Cushman & Wakefield,portfolio,"part of 2-building, 200,000 SF Linden (Greater Port Region) portfolio sold by Penwood to Link Industrial Properties",https://www.cushmanwakefield.com/en/united-states/news/2019/11/nj-cw-arranges-sale-of-port-market-industrial-buildings,2019-11,high,"Per-building SF and price not stated in excerpt. Link Industrial Properties is Blackstone's logistics platform (general knowledge, not stated in source).",,B_year_2019.jsonl,0
2019-11,2401 E. Linden Avenue,Linden,Union,Link Industrial Properties,LINK INDUSTRIAL PROPERTIES,,,Penwood Real Estate Investment Management,PENWOOD REAL ESTATE INVESTMENT MANAGEMENT,,,,,,,industrial,,,,,,Cushman & Wakefield,portfolio,"part of 2-building, 200,000 SF Linden (Greater Port Region) portfolio sold by Penwood to Link Industrial Properties",https://www.cushmanwakefield.com/en/united-states/news/2019/11/nj-cw-arranges-sale-of-port-market-industrial-buildings,2019-11,high,"Per-building SF and price not stated in excerpt. Link Industrial Properties is Blackstone's logistics platform (general knowledge, not stated in source).",,B_year_2019.jsonl,0
2019-11,PORTFOLIO: 2 buildings,Linden,Union,Link Industrial Properties,LINK INDUSTRIAL PROPERTIES,,,Penwood Real Estate Investment Management,PENWOOD REAL ESTATE INVESTMENT MANAGEMENT,,200000,,,,,industrial,,,,,,Cushman & Wakefield,portfolio,"2-building, 200,000 SF Linden (Greater Port Region) industrial portfolio: 2401 E. Linden Ave. and 1501-1525 W. Blancke St.",https://www.cushmanwakefield.com/en/united-states/news/2019/11/nj-cw-arranges-sale-of-port-market-industrial-buildings,2019-11,high,"Summary row. Price not disclosed in excerpt. Link Industrial Properties is Blackstone's logistics platform (general knowledge, not stated in source).",,B_year_2019.jsonl,0
2019-11,190 Wood Avenue South,Woodbridge,Middlesex,,,,,,,,154788,,19350000,125,,industrial,,,,,,JLL,sale,,https://www.roi-nj.com/2019/11/14/real_estate_development/jll-closes-19-35m-sale-of-light-industrial-building-in-woodbridge/,2019-11-14,med,"154,788 SF light industrial property; JLL closed the $19.35M sale. Buyer/seller not captured in excerpt. psf computed",,B_year_2019.jsonl,0
2019-12,East Gate Business Center (8 buildings),Mount Laurel,Burlington,Strategic Funding Alternatives,STRATEGIC FUNDING ALTERNATIVES,,,,,,116000,,,,,flex,,,,,,NAI Mertz,sale,,https://www.roi-nj.com/2019/12/23/real_estate_development/nai-mertz-concludes-sale-of-8-building-business-center-in-mt-laurel/,2019-12-23,med,"NAI Mertz concluded the sale of East Gate Business Center, an 8-building, 116,000 SF office and flex complex, to Strategic Funding Alternatives (Dec 2019). Price, seller and individual addresses not in excerpt; recorded as a single campus row.",,B_year_2019.jsonl,0
2019-12,60 Jiffy Road,Somerset (Franklin Twp),Somerset,,,,60 Jiffy Road LLC,,,,120000,8.84,15600000,130,,warehouse,,,,,,Atlantic,sale,,https://re-nj.com/atlantic-inks-15-6-million-sale-of-somerset-industrial-building/,2019-12,med,"A maker of natural ingredients and chemicals (not named in excerpt) sold its 120,000 SF warehouse on 8.84 acres (clear height up to 27 ft) for $15.6M in Dec 2019 to an entity named 60 Jiffy Road LLC; sponsor behind the LLC not identified. Brokerage given only as 'Atlantic' in headline. psf computed",,B_year_2019.jsonl,0
2020,2205 Route 27,Edison,Middlesex,Property Reserve Inc,PROPERTY RESERVE,,,Rockefeller Group,ROCKEFELLER GROUP,,900022,56,247000000,274,,warehouse,,100,Amazon (reported),,,"Listing: CBRE (Brian Fiumara, Michael Hines, Brad Ruppel, Bo Cashman, Jonathan Beard, Lauren Dawicki)",sale,,https://re-nj.com/tag/portside-distribution-center/,2021-01,med,"psf computed. re-nj.com ('Edison logistics center sold for $247 million, CBRE says, touting 2020 industrial deals', Jan 2021): Rockefeller Group sold the newly completed 900,022 SF spec distribution center on 56 acres off I-287 to Property Reserve Inc.; reportedly leased to Amazon. Closed in 2020 per CBRE's year-end 2020 deal roundup; exact month not stated.",,B_year_2020.jsonl,0
2020,,Ewing,Mercer,IDI Logistics,IDI LOGISTICS,,,,,,,18,,,,land,,,,,,,land,,https://rebusinessonline.com/idi-logistics-to-undertake-two-industrial-redevelopment-projects-in-central-new-jersey/,2020,med,REBusinessOnline: IDI Logistics acquired an 18-acre Ewing property housing office buildings to be demolished for a Class A warehouse/distribution project (companion to the 14-acre Piscataway site). Year 2020 per search summary - verify. Price and seller not stated.,,B_year_2020.jsonl,0
2020-01,6W Chimney Rock Rd,Bridgewater,Somerset,Denholtz Properties,DENHOLTZ PROPERTIES,,,,,,26000,,,,,industrial,,,,,,,sale,,https://rebusinessonline.com/denholtz-properties-acquires-26000-square-foot-industrial-building-in-bridgewater-new-jersey/,2020-01,med,"26,000 SF industrial building in Bridgewater Business Park; with this purchase Denholtz owns 12 buildings totaling 290,163 SF in the park. Seller and price not stated in excerpt.",,B_year_2020.jsonl,0
2020-01,1049 Secaucus Rd,Jersey City,Hudson,CenterPoint Properties,CENTERPOINT PROPERTIES,,,,,,315389,,,,,warehouse,,100,FedEx Ground Package Systems Inc,,,CBRE,sale,,https://njbiz.com/cbre-arranges-sale-315000-square-foot-jersey-city-industrial-property/,2020-01,med,"NJBIZ: CBRE arranged the sale of 'FXG Jersey City', a 315,389 SF industrial complex at 1049 Secaucus Road fully leased to FedEx Ground, to CenterPoint Properties (Jan 2020 per search summary). Seller and price not stated in excerpt. Call-list buyer.",,B_year_2020.jsonl,0
2020-01,2000 Bishops Gate Blvd,Mount Laurel,Burlington,,,,,Endurance Real Estate Group LLC / Thackeray Partners,ENDURANCE REAL ESTATE GROUP THACKERAY PARTNERS,Endurance Real Estate Group; Thackeray Partners,292466,,32200000,110,,warehouse,,,,,,,sale,,https://njbiz.com/endurance-announces-32m-industrial-warehouse-sale/,2020-01,med,"psf computed. NJBIZ: Endurance Real Estate Group LLC and Thackeray Partners sold the 292,466 SF Class A warehouse at 2000 Bishops Gate, Mount Laurel, for $32.2M (Jan 2020 per search summary). Buyer not stated in excerpt.",,B_year_2020.jsonl,0
2020-03,107 Elbow Ln,Burlington Township,Burlington,Johnson Development Associates,JOHNSON DEVELOPMENT ASSOCIATES,,,Seacalco LLC,SEACALCO,,,59.29,,,,land,,,,,,,land,,https://www.connectcre.com/stories/johnson-development-plans-industrial-in-south-jersey/,2020-03,med,"59.29-acre industrial development site; buyer plans a 266,966 SF spec warehouse (Exit 5 Distribution Center). Seller Seacalco LLC per Bisnow (https://www.bisnow.com/news/philadelphia/retail/johnson-developers-buys-new-jersey-industrial-ste-103374). Sources say 'Burlington, NJ'; Elbow Lane is in Burlington Township. Price not stated.",,B_year_2020.jsonl,0
2020-04,,Piscataway,Middlesex,Saadia Group,SAADIA GROUP,,,Second Street Associates,SECOND STREET ASSOCIATES,,135668,14,,,,industrial,,,,,,Sheldon Gross Realty,sale,,https://re-nj.com/sheldon-gross-inks-sale-of-industrial-complex-straddling-piscataway-plainfield/,2020-04,med,"re-nj.com: Sheldon Gross Realty brokered the sale of a 135,668 SF industrial complex straddling Piscataway (Middlesex) and Plainfield (Union) from Second Street Associates to the Saadia Group, April 2020 (per search summary). Street address and price not captured. | REBusinessOnline: Atlanta-based IDI Logistics acquired a 14-acre Piscataway site housing an office building to be demolished for a Class A warehouse/distribution project (one of two Central NJ sites totaling 32 acres). Year 2020 per search summary - verify. Price and seller not stated.",,B_year_2020.jsonl,1
2020-05,514-582 South River St,Hackensack,Bergen,Sitex Group,SITEX GROUP,,,,,,,10,,,,land,,,,,,,sale,"one of three Sitex acquisitions announced together May 2020 valued at $90M+ in aggregate (with 1201 Valley Brook Ave, Lyndhurst and a 22-acre Westbury NY site); not a single portfolio transaction",https://www.roi-nj.com/2020/05/05/real_estate/sitex-acquires-3-industrial-properties-for-90m/,2020-05-05,med,"Date = announcement date. Described only as a 10-acre site; building SF (if any) not stated, so property_type set to land. Individual price not stated. Call-list buyer.",,B_year_2020.jsonl,0
2020-05,1201 Valley Brook Ave,Lyndhurst,Bergen,Sitex Group,SITEX GROUP,,,,,,172000,,,,,warehouse,,,,,,,sale,"one of three Sitex acquisitions announced together May 2020 valued at $90M+ in aggregate (with 514-582 South River St, Hackensack and a 22-acre Westbury NY site); not a single portfolio transaction",https://www.roi-nj.com/2020/05/05/real_estate/sitex-acquires-3-industrial-properties-for-90m/,2020-05-05,med,"Date = announcement date. 172,000 SF warehouse. Individual price not stated. Also reported by njbiz.com (Sitex acquires 3 industrial properties in the last 30 days) and rew-online.com. Call-list buyer.",,B_year_2020.jsonl,0
2020-05-26,2 Corporate Place,Piscataway,Middlesex,,,,,,,,44362,,5545500,125,,industrial,,,,,,,sale,,https://traded.co/deals/new-jersey/industrial/sale/2-corporate-place/,2020-05,low,"psf computed. traded.co listing: 44,362 SF industrial property sold 2020-05-26 for $5,545,500 ($125/SF). Buyer and seller not captured.",,B_year_2020.jsonl,0
2020-06,463 Barell Ave,Carlstadt,Bergen,,,,,,,,77000,,,,,industrial,,,,,,,sale,,https://re-nj.com/importer-relocates-after-acquiring-meadowlands-industrial-building/,2020-06,med,"re-nj.com: an importer of headwear products acquired the nearly 77,000 SF industrial building at 463 Barell Ave., Carlstadt, for relocation (announced June 2020). Buyer name, seller and price not in excerpt; sf approximate.",,B_year_2020.jsonl,0
2020-06,50 Veronica Ave,Franklin Township,Somerset,BentallGreenOak,BENTALLGREENOAK,,,Crow Holdings Industrial,CROW HOLDINGS INDUSTRIAL,Crow Holdings,925000,,164000000,177,,warehouse,,100,LG Electronics USA,,,"Listing: Cushman & Wakefield (Gary Gabriel, Andrew Merin, Kyle Schmidt)",sale,,https://www.roi-nj.com/2020/06/17/real_estate_development/crow-holdings-completes-164m-sale-of-a-925k-sq-ft-logistics-property-in-franklin-twp/,2020-06-17,med,"psf computed. Newly built 925,000 SF warehouse developed by Crow Holdings Industrial in partnership with The Carlyle Group; BentallGreenOak bought on behalf of an institutional investor; LG Electronics USA 7-year lease commenced April 2020; 40-ft clear, 159 docks, 170 trailer spots. Reported as largest NJ industrial sale of 2020. Corroborated by re-nj.com, njbiz.com, connectcre.com, rebusinessonline.com.",,B_year_2020.jsonl,0
2020-06,539 Route 130,Hamilton,Mercer,Principal Real Estate Investors,PRINCIPAL REAL ESTATE INVESTORS,,,,,,171269,,,,,warehouse,,,,,,,sale,,https://njbiz.com/principal-real-estate-investors-nabs-newly-built-hamilton-industrial-building/,2020-06,med,"NJBIZ: Principal Real Estate Investors acquired the recently built 171,269 SF industrial building at 539 Route 130, Hamilton Township (Trenton submarket), June 2020. Seller and price not stated in excerpt.",,B_year_2020.jsonl,0
2020-06,32 Commerce St,Springfield,Union,,,,,,,,,,1920000,,,industrial,,,,,,Bussel Realty Corp,sale,,https://njbiz.com/bussel-realty-brokers-springfield-industrial-sale-1-92m/,2020-06,med,"NJBIZ: Bussel Realty Corp. represented the $1,920,000 sale of 32 Commerce St., Springfield (June 2020 per search summary). SF, buyer and seller not captured.",,B_year_2020.jsonl,0
2020-06-01,2 Palmer Terrace,Carlstadt,Bergen,Legacy Capital,LEGACY CAPITAL,,,,,,60400,,13000000,215,,industrial,,,,,,,sale,,https://traded.co/deals/new-jersey/industrial/sale/2-palmer-terrace/,2020-06,low,"psf computed. traded.co listing: Legacy Capital acquired 60,400 SF industrial property, sold 2020-06-01 for $13,000,000. Seller not captured.",,B_year_2020.jsonl,0
2020-06-01,314 16th St,Carlstadt,Bergen,,,,,,,,42169,2.44,7000000,166,,industrial,,,,,,,sale,,https://traded.co/deals/new-jersey/industrial/sale/314-16th-street/,2020-06,low,"psf computed. traded.co listing: sold 2020-06-01 for $7,000,000; 42,169 SF on 2.44 acres. Buyer and seller not captured in excerpt.",,B_year_2020.jsonl,0
2020-07,246 South Salem St,Randolph,Morris,Salem Enterprises LLC,SALEM ENTERPRISES,,Salem Enterprises LLC,,,,18729,,,,,industrial,,,,,,NAI James E. Hanson,sale,,https://www.naihanson.com/news/nai-james-e-hanson-secures-buyer-for-18729-square-foot-industrial-building-in-randolph-n-j/,2020-07,high,"NAI James E. Hanson release: 18,729 SF industrial building at 246 South Salem Street sold to Salem Enterprises, LLC, July 2020 (month per search summary). Price and seller not captured.",,B_year_2020.jsonl,0
2020-07,670 Passaic Ave,West Caldwell,Essex,Columbia Storage Group,COLUMBIA STORAGE GROUP,,,Tulfra Real Estate,TULFRA REAL ESTATE,,108000,,,,,other,,,,,,,sale,,https://www.roi-nj.com/2020/07/24/real_estate_development/tulfra-real-estate-closes-sale-of-industrial-property-in-west-caldwell/,2020-07-24,med,"Date = article date. Mixed-use building: 41,000 SF self storage + 67,000 SF industrial/warehouse (108,000 SF total). Buyer is a storage operator; flagged as partially out of product scope. Price not stated in excerpt.",,B_year_2020.jsonl,0
2020-09,601 Murray Rd,East Hanover,Morris,Camber Real Estate Partners,CAMBER REAL ESTATE PARTNERS,,,,,,88220,6.3,,,,industrial,,,,,,,sale,,https://www.roi-nj.com/2020/09/09/real_estate_development/camber-acquires-e-hanover-industrial-property-leases-up-berkeley-heights-warehouse/,2020-09-09,med,"ROI-NJ 2020-09-09: Clifton-based Camber Real Estate Partners acquired the 88,220 SF industrial facility on 6.3 acres at 601 Murray Road. Price and seller not stated.",,B_year_2020.jsonl,0
2020-09,,Hackensack,Bergen,Sitex Group,SITEX GROUP,,,,,,,,,,,industrial,,,,,,,sale,,https://www.roi-nj.com/2020/09/02/real_estate/sitex-buys-industrial-property-growing-hackensack-presence/,2020-09-02,med,"Date = article date. Only the headline was available in search results (Sitex buys industrial property, growing Hackensack presence); address, SF and price not captured. Separate from the May 2020 South River St purchase. Call-list buyer.",,B_year_2020.jsonl,0
2020-09,3 Convery Blvd,Woodbridge,Middlesex,Nest Scientific USA Inc,NEST SCIENTIFIC USA,,,,,,30000,,,,,industrial,,,,,,NAI James E. Hanson,sale,,https://www.naihanson.com/news/nai-james-e-hanson-negotiates-sale-of-30000-square-foot-industrial-building-in-woodbridge-n-j/,2020-09,high,"NAI James E. Hanson release: 30,000 SF industrial building at 3 Convery Boulevard sold to user Nest Scientific USA, Inc., Sept 2020 (month per search summary). Price and seller not captured.",,B_year_2020.jsonl,0
2020-09-18,419 Trumbull St,Elizabeth,Union,,,,,,,,,,2150000,,,industrial,,,,,,Team Resources Inc,sale,,https://traded.co/deals/new-jersey/industrial/sale/419-trumbull-street/,2020-09,low,"traded.co listing: sold 2020-09-18 for $2,150,000; traded headline credits Team Resources Inc. (a brokerage) as 'seller' - treated here as broker. Prior-pass re-nj lead described a Team Resources-brokered 16,200 SF Elizabeth building sold to an importer; SF not confirmed in this pass.",,B_year_2020.jsonl,0
2020-11,801 Washington Ave,Carlstadt,Bergen,Realterm,REALTERM,,,Sitex Realty Group,SITEX REALTY GROUP,Sitex Group,100627,,,,,industrial,,,,,,Cushman & Wakefield,sale,,https://www.roi-nj.com/2020/11/24/real_estate_development/carlstadt-industrial-building-sold-cw-says/,2020-11-24,med,"Date = announcement month. re-nj.com (C&W inks sale of 100,000 sq. ft. Meadowlands industrial building, https://re-nj.com/cw-inks-sale-of-100000-sq-ft-meadowlands-industrial-building/) identifies the asset as 801 Washington Ave., 100,627 SF, sold by Sitex Realty Group to Realterm, announced Nov 2020, less than two years after Sitex acquired it. Price not stated. Sitex is a call-list buyer (here acting as seller).",,B_year_2020.jsonl,0
2020-11,PORTFOLIO: 8 cold storage facilities,South Plainfield,Middlesex,Americold Realty Trust,AMERICOLD REALTY TRUST,,,Hall's Warehouse Corp,HALL S WAREHOUSE,,,,480000000,,,cold storage,,,,,,,portfolio,"Americold's $480M acquisition of South Plainfield-based Hall's Warehouse Corp.: eight cold storage facilities, 58M cubic feet, 200,000 pallet positions, throughout northern NJ",https://rebusinessonline.com/cold-storage-reit-americold-acquires-new-jersey-based-halls-warehouse-corp-for-480m/,2020-11,med,Portfolio/entity acquisition summary row; individual facility addresses not listed in excerpt (town = seller HQ). Also reported by CoStar (https://www.costar.com/article/200179836/americold-acquires-new-jersey-cold-storage-warehouse-portfolio-for-480-million).,,B_year_2020.jsonl,0
2020-11-02,100 Jefferson Rd,Parsippany,Morris,JFR Global Investments,JFR GLOBAL INVESTMENTS,,,Turnbridge Equities / Harbor Group International JV,TURNBRIDGE EQUITIES HARBOR GROUP INTERNATIONAL JV,Turnbridge Equities; Harbor Group International,550000,,85250000,155,,warehouse,,64,PNY Technologies; Vitaquest International,,,,JV,,https://www.prnewswire.com/news-releases/turnbridge-equities-announces-85-25-million-sale-of-100-jefferson-road-in-parsippany-new-jersey-301164285.html,2020-11-02,high,"psf computed. Seller JV of Turnbridge Equities and Harbor Group International sold the 550,000 SF last-mile facility for $85.25M (press release 2020-11-02); 28% occupied at JV purchase, ~64% leased at sale to PNY Technologies and Vitaquest International. Buyer JFR Global Investments named by Bisnow (https://www.bisnow.com/new-york/news/deal-sheet/this-weeks-ny-deal-sheet-106584, which cites 553K SF). Also reported by Connect CRE. deal_type JV refers to the selling JV; it is a straight sale.",,B_year_2020.jsonl,0
2020-11-30,865 Route 33,Freehold,Monmouth,865 NJ 33 SD LLC,865 NJ 33 SD,,865 NJ 33 SD LLC,,,,46000,10,4950000,108,,industrial,,,,,,CBRE,sale,,https://www.roi-nj.com/2020/12/01/real_estate_development/freehold-industrial-property-fetches-4-95m-cbre-says/,2020-12-01,med,"psf computed. CBRE announced the $4.95M sale (ROI-NJ 2020-12-01); re-nj.com (CBRE: Freehold industrial building trades for $4.95 million) names the buyer as 865 NJ 33 SD LLC and describes a single-story facility on 10 acres; traded.co (https://traded.co/deals/new-jersey/industrial/sale/865-nj-33-2/) lists the sale date as 2020-11-30 and 46,000 SF. Seller not stated.",,B_year_2020.jsonl,0
2020-12,2 Plane St,Boonton,Morris,River Walk LLC,RIVER WALK,,River Walk LLC,,,,23000,,,,,warehouse,,,,,,,portfolio,"part of 2-building, 50,000 SF, $2.1M Boonton (Plane St) sale to River Walk LLC",https://www.roi-nj.com/2020/12/02/real_estate_development/two-boonton-industrial-properties-sold-for-2-1m-and-charities-benefit/,2020-12-02,med,"Date = article date. Former Fritz Lenox warehouse, 23,000 SF. Allocated price not stated; $2.1M is the two-property total. Article says charities benefit from the sale (seller not named in excerpt).",,B_year_2020.jsonl,0
2020-12,30 Plane St,Boonton,Morris,River Walk LLC,RIVER WALK,,River Walk LLC,,,,27000,,,,,industrial,,,,,,,portfolio,"part of 2-building, 50,000 SF, $2.1M Boonton (Plane St) sale to River Walk LLC",https://www.roi-nj.com/2020/12/02/real_estate_development/two-boonton-industrial-properties-sold-for-2-1m-and-charities-benefit/,2020-12-02,med,"Date = article date. 27,000 SF industrial complex. Allocated price not stated; $2.1M is the two-property total.",,B_year_2020.jsonl,0
2020-12,PORTFOLIO: 2 buildings,Boonton,Morris,River Walk LLC,RIVER WALK,,River Walk LLC,,,,50000,,2100000,42,,industrial,,,,,,,portfolio,"summary row: 2 Plane St (23,000 SF former Fritz Lenox warehouse) + 30 Plane St (27,000 SF industrial complex), Boonton, $2.1M total",https://www.roi-nj.com/2020/12/02/real_estate_development/two-boonton-industrial-properties-sold-for-2-1m-and-charities-benefit/,2020-12-02,med,"psf computed. Portfolio summary row; sf = 23,000 + 27,000. Date = article date.",,B_year_2020.jsonl,0
2020-12,130 Moonachie Ave,Carlstadt,Bergen,CenterPoint Properties,CENTERPOINT PROPERTIES,,,,,,63933,7.8,30000000,469,,industrial,,,,,,Listing: Meridian Capital Group,sale,,https://re-nj.com/tag/130-moonachie-ave/,2020-12,med,"psf computed. re-nj.com reports CenterPoint Properties acquired the 7.8-acre Meadowlands property at 130 Moonachie Ave. in a deal announced Dec 2020; Meridian Capital Group listed the ~64,000 SF building for sale in July 2020. Price $30,000,000 and 63,933 SF per traded.co (https://traded.co/deals/new-jersey/industrial/sale/130-moonachie-avenue/), which lists a 2020-03-12 sale date that conflicts with the July 2020 listing; date here = re-nj announcement. Low-site-coverage asset ($469/SF) consistent with trailer/IOS value. Call-list buyer. Seller not stated.",,B_year_2020.jsonl,0
2020-12,370 Elizabeth Ave,Newark,Essex,Elberon Development Group,ELBERON DEVELOPMENT GROUP,,,,,,20000,,,,,warehouse,,,,,,,sale,,https://www.roi-nj.com/2020/12/17/real_estate_development/elberon-buys-20k-sq-ft-newark-industrial-building/,2020-12-17,med,"Date = article date. 20,000 SF warehouse purchased by Elberon Development Group (call-list buyer). Seller and price not stated in search excerpt.",,B_year_2020.jsonl,0
2020-12,PORTFOLIO: 13 buildings (multi-state; NJ assets not itemized),Northern New Jersey (plus Lehigh Valley PA and California),,Blackstone Real Estate Income Trust,BLACKSTONE REAL ESTATE INCOME TRUST,Blackstone,,Iron Mountain Inc,IRON MOUNTAIN,,2100000,,358000000,170,,warehouse,,100,Iron Mountain,,,JLL,sale-leaseback,"13-property, 2.1M SF, $358M three-state sale-leaseback (northern NJ, Lehigh Valley PA, California); Iron Mountain signed 10-year lease with 20 years of options",https://www.roi-nj.com/2020/12/08/real_estate_development/jll-arranges-358m-sale-leaseback-of-multistate-industrial-portfolio/,2020-12-08,med,psf computed. Portfolio summary row only; sf and price are multi-state totals and the NJ addresses/share were not listed in the excerpt. JLL arranged the sale-leaseback as part of Iron Mountain's capital recycling program.,,B_year_2020.jsonl,0
2020-12,1200 Amboy Ave,Perth Amboy,Middlesex,Longpoint Realty Partners,LONGPOINT REALTY PARTNERS,,,Englert Inc,ENGLERT,,192500,,,,,industrial,,100,Englert Inc,Bank United,14700000,Cushman & Wakefield,sale-leaseback,,https://re-nj.com/?p=29618,2020-12,med,"re-nj.com: metal-roofing maker Englert Inc. sold and leased back its 192,500 SF headquarters/manufacturing plant at 1200 Amboy Ave. to Longpoint Realty Partners on a 20-year lease; C&W arranged the sale and $14.7M acquisition financing from Bank United. Date 2020-12 inferred from the re-nj listing page dated Dec 7, 2020 that surfaced with the article - verify. Price not stated.",,B_year_2020.jsonl,0
2020-12-28,1900 River Rd,Burlington Township,Burlington,Clarion Partners / MRP Industrial JV,CLARION PARTNERS MRP INDUSTRIAL JV,Clarion Partners; MRP Industrial,,STAG Industrial,STAG INDUSTRIAL,,1000000,116.8,110500000,111,5.4,industrial,,0,,,,"Listing: Lee & Associates (Bob Yoshimura, Joe Hill, Eric Mattson, Joe Hill Jr.)",sale,,https://www.prnewswire.com/news-releases/stag-industrial-closes-sale-of-one-million-square-foot-facility-located-in-burlington-new-jersey-301198804.html,2020-12-28,high,"psf computed. STAG Industrial press release 2020-12-28: sale of its 1,000,000 SF Burlington NJ building, until very recently occupied by the GSA; gross proceeds $110.5M, 5.4% cash cap rate (on the expiring GSA income); STAG's 2020 dispositions totaled $279.4M. REBusinessOnline (https://rebusinessonline.com/lee-associates-brokers-110-5m-sale-of-industrial-redevelopment-site-in-burlington-new-jersey/) names the buyer as a Clarion Partners / MRP Industrial partnership that will demolish the building and build two spec Class A distribution centers on the 116.8-acre site. Address 1900 River Rd per traded.co result URL (https://traded.co/deals/new-jersey/industrial/sale/1900-river-rd/); sources say 'Burlington, NJ'.",,B_year_2020.jsonl,0
2020-12-29,30 Corporate Dr,Wayne,Passaic,Forsgate Industrial Partners,FORSGATE INDUSTRIAL PARTNERS,,,,,,,,29500000,,,industrial,,,,,,,sale,,https://traded.co/deals/new-jersey/industrial/sale/30-corporate-drive/,2020-12,low,"traded.co listing: Forsgate Industrial Partners acquired industrial property at 30 Corporate Drive, sold 2020-12-29 for $29,500,000. Town 'Wayne' per search excerpt - verify; SF and seller not captured.",,B_year_2020.jsonl,0
2021,,Branchburg,Somerset,SKM 68 LLC,SKM 68,,SKM 68 LLC,,,,90000,,,,,industrial,,,,,,Zimmel Associates,sale,,https://www.roi-nj.com/2024/09/05/real_estate_development/zimmel-brokers-13-97m-sale-of-90k-sq-ft-industrial-in-branchburg/,2024-09-05,med,"2021 sale referenced as background in ROI-NJ 2024 article on the $13.97M resale of the same 90,000 SF Branchburg property; 2021 price, address and seller not in excerpt; buyer entity SKM 68 LLC (sponsor not named)",,B_year_2021.jsonl,0
2021,2 Palmer Terrace,Carlstadt,Bergen,Legacy Capital,LEGACY CAPITAL,,,Palmer Terrace Realty Associates,PALMER TERRACE REALTY ASSOCIATES,,60400,,,,,industrial,,,,Sound Point Commercial Real Estate Finance,,"Listing: JLL (Jose Cruz, Jordan Avanzato, Marc Duval, Mark Belenky); Financing: JLL (Matthew Pizzolato, Thomas E. Didio Jr.)",sale,,https://re-nj.com/investment-group-closes-sale-of-meadowlands-light-industrial-building-jll-says/,2021,med,"Light industrial 60,400 SF; JLL sourced acquisition financing with Sound Point (amount not stated); price not in excerpt; also traded.co https://traded.co/deals/new-jersey/industrial/sale/2-palmer-terrace/",,B_year_2021.jsonl,0
2021,former Novartis site,East Hanover,Morris,local partners (unnamed; RealCold project),LOCAL PARTNERS UNNAMED REALCOLD PROJECT,,,Novartis,NOVARTIS,,,62,,,,land,,,,,,,land,,https://njbiz.com/realcold-temp-controlled-facility-underway-at-former-norvatis-site/,,med,62-acre site acquired from Novartis in 2021 for RealCold temperature-controlled facility with secured trailer parking; buyer entity and price not in excerpt,,B_year_2021.jsonl,0
2021,75 Glendale Avenue,Edison,Middlesex,Industrial Outdoor Ventures,INDUSTRIAL OUTDOOR VENTURES,,,Railroad Construction Co.,RAILROAD CONSTRUCTION CO,,35729,8,,,,IOS,,100,Railroad Construction Co.,,,,sale-leaseback,,https://re-nj.com/outdoor-storage-investor-adds-eight-acre-site-in-edison-marking-its-first-new-jersey-deal/,,med,"IOV's first New Jersey deal: 8-acre outdoor storage site with 35,729 SF maintenance building, sale-leaseback with Railroad Construction Co.; price not in excerpt; DATE UNVERIFIED - excerpt undated, search summary grouped it with 2021 deals",,B_year_2021.jsonl,0
2021,629 Henry Street,Elizabeth,Union,Sitex Group,SITEX GROUP,,,,,,23000,,,,,warehouse,,,,,,,sale,,https://re-nj.com/flipbook/53-May2021/files/basic-html/page14.html,2021-05,med,"23,000 SF warehouse per RE-NJ May 2021 issue (flipbook p.14); price/seller not in excerpt. Call-list buyer (Sitex)",,B_year_2021.jsonl,0
2021,98 Industrial Court,Howell,Monmouth,,,,,,,,,3.06,1200000,,,industrial,,,,,,,sale,,https://njbiz.com/howell-industrial-site-sells-for-1-2m/,2021,med,"Former Coatings Manufacturing location, 3.06 acres, bought by a junk removal company (owner-user, unnamed in excerpt); year 2021 per search summary grouping - DATE VERIFY",,B_year_2021.jsonl,0
2021,Ludlow Industrial Park,Northvale,Bergen,,,,,,,,193235,,27000000,140,,industrial,,,,,,Cushman & Wakefield,portfolio,"three-building Ludlow Industrial Park, 193,235 SF, $27M ($140 psf)",https://njbiz.com/cushman-wakefield-arranges-27m-sale-of-ludlow-industrial-park/,2021,med,Three-building industrial park; $140/SF stated; buyer/seller not in excerpt; year 2021 per search summary - DATE VERIFY; psf computed,,B_year_2021.jsonl,0
2021,,Paterson,Passaic,Marcus Partners,MARCUS PARTNERS,,,,,,194000,,,,,industrial,,,,,,,portfolio,"two Paterson buildings totaling 194,000 SF; Marcus Partners' first NJ industrial acquisition (2021)",https://njbiz.com/middlesex-county-industrial-property-sells-for-36-5m-in-off-market-deal/,2022,med,"Fact stated in NJBIZ search excerpt (background in 2022 South Plainfield article): Marcus Partners acquired two Paterson buildings totaling 194,000 SF in 2021; addresses, seller, price not in excerpt - verify",,B_year_2021.jsonl,0
2021,440 Florida Grove Road,Perth Amboy,Middlesex,Sitex Group,SITEX GROUP,,,,,,,6,,,,land,,,,,,,sale,,https://re-nj.com/flipbook/53-May2021/files/basic-html/page14.html,2021-05,med,~6-acre site per RE-NJ May 2021 issue (flipbook p.14); exact use/price not in excerpt. Call-list buyer (Sitex),,B_year_2021.jsonl,0
2021,,Piscataway,Middlesex,private investor (unnamed),PRIVATE INVESTOR UNNAMED,,,,,,101381,8,26500000,261,,warehouse,,100,,,,JLL,sale-leaseback,,https://re-nj.com/jll-investor-adds-101000-sq-ft-piscataway-warehouse-in-26-5-million-sale-leaseback/,2021,med,"101,381 SF distribution facility on 8 acres; sale-leaseback so seller remains tenant (seller not named in excerpt); also REBusinessOnline https://rebusinessonline.com/jll-brokers-26-5m-sale-of-warehouse-in-piscataway-new-jersey/ and JLL newsroom https://www.jll.com/en-us/newsroom/warehouse-trades-in-northern-new-jersey; year 2021 per search summary - DATE VERIFY; psf computed",,B_year_2021.jsonl,0
2021,70 Apple Street,Tinton Falls,Monmouth,,,,,Middletown Plumbing and Supply Co. (owner),MIDDLETOWN PLUMBING AND SUPPLY CO OWNER,,33000,,5400000,164,,industrial,,,,,,Zimmel Associates,sale,,https://re-nj.com/business-owner-sells-33000-sq-ft-tinton-falls-industrial-building-zimmel-says/,2021,med,Plumbing/heating supply business owner sold after 20+ years; buyer not in excerpt; year 2021 per search summary grouping - DATE VERIFY; psf computed,,B_year_2021.jsonl,0
2021-01,,Burlington,Burlington,,,,,,,,1000000,116.8,110500000,110,,land,,,,,,Lee & Associates,sale,,https://rebusinessonline.com/lee-associates-brokers-110-5m-sale-of-industrial-redevelopment-site-in-burlington-new-jersey/,2021-01,med,116.8-acre industrial redevelopment site incl. ~1M SF former U.S. GSA warehouse; buyer plans two Class A distribution centers; buyer/seller not in excerpt; psf computed on existing 1M SF; psf computed,,B_year_2021.jsonl,0
2021-01,9 Bridewell Place,Clifton,Passaic,"3 V Company, Inc.",3 V COMPANY,,,,,,45670,,,,,industrial,,,,,,NAI James E. Hanson,sale,,https://www.naihanson.com/news/nai-james-e-hanson-negotiates-sale-of-45670-square-foot-industrial-facility-to-brooklyn-based-company/,2021-01,high,"Brooklyn-based buyer (owner-user); 11,102 SF office, up to 23 ft ceilings; price/seller not in excerpt",,B_year_2021.jsonl,0
2021-01,82 N. Dell Avenue,Kenvil (Roxbury Township),Morris,,,,,,,,,2.7,,,,land,,,,,,NAI James E. Hanson,land,,https://www.naihanson.com/news/nai-james-e-hanson-negotiates-sale-of-2-7-acre-industrial-parcel-in-western-morris-county/,2021-01,high,2.7-acre industrial parcel; parties and price not in excerpt,,B_year_2021.jsonl,0
2021-02,,Farmingdale,Monmouth,Merola Sales Co.,MEROLA SALES CO,,,,,,102000,,,,,warehouse,,,,,,,sale,,https://www.roi-nj.com/2021/02/26/real_estate_development/tile-company-buys-102k-sq-ft-warehouse-in-farmingdale/,2021-02-26,med,"Tile company (Merola Sales Co.) buys 102,000 SF warehouse as owner-user; address, seller and price not in excerpt",,B_year_2021.jsonl,0
2021-03,Lincoln Highway (former Talbot Hall Rehabilitation Center),Kearny,Hudson,Link Industrial,LINK INDUSTRIAL,Blackstone,,,,,,10,,,,land,,,,,,,land,,https://www.roi-nj.com/2021/03/03/real_estate_development/land-in-kearny-sold-with-distribution-center-planned/,2021-03-03,med,"10 acres along Lincoln Highway, formerly Talbot Hall Rehabilitation Center; buyer plans 160,000 SF distribution center; seller/price not in excerpt; buyer_parent Blackstone is general knowledge of Link Industrial ownership, not stated in excerpt",,B_year_2021.jsonl,0
2021-03,,Woodland Park,Passaic,Kushner Real Estate Group / STRO Cos. (JV),KUSHNER REAL ESTATE GROUP STRO COS JV,,,,,,,16,,,,land,,,,,,,JV,,https://www.roi-nj.com/2021/03/30/real_estate_development/kre-stro-close-on-joint-venture-of-205000-sq-ft-industrial-site-in-woodland-park/,2021-03-30,med,"KRE and STRO closed on JV of 16-acre site approved for a 205,000 SF Class A industrial building; also TRD 2021-03-29 https://therealdeal.com/new-york/tristate/2021/03/29/kushner-real-estate-stro-to-develop-200k-sf-industrial-building/; price/seller not in excerpt",,B_year_2021.jsonl,0
2021-03-01,1000 Jefferson Avenue,Elizabeth,Union,Elion Partners,ELION PARTNERS,,,Seyon Group / Wheelock Street Capital,SEYON GROUP WHEELOCK STREET CAPITAL,,202000,8.6,29700000,147,,industrial,,,,,,,sale,,https://therealdeal.com/new-york/tristate/2021/03/02/elion-partners-buys-30m-industrial-property-in-elizabeth/,2021-03-02,med,"202,000 SF on 8.6 acres; closing date 2021-03-01 per traded.co (https://traded.co/deals/new-jersey/industrial/sale/1000-jefferson-avenue/); seller JV of Seyon Group and Wheelock Street Capital; psf computed",,B_year_2021.jsonl,0
2021-03-14,238 St. Nicholas Avenue,South Plainfield,Middlesex,,,,,,,,27458,,5440000,198,,industrial,,,,,,,sale,,https://traded.co/deals/new-jersey/industrial/sale/238-street-nicholas-avenue/,2021-03-14,low,$198/SF per traded.co; parties not in excerpt; psf computed,,B_year_2021.jsonl,0
2021-04,14 Sbar Boulevard (Moorestown Distribution Center),Moorestown,Burlington,NorthBridge Partners,NORTHBRIDGE PARTNERS,,,Piperno family,PIPERNO FAMILY,,272682,,23250000,85,,warehouse,,,,,,,sale,,https://www.roi-nj.com/2021/04/23/real_estate_development/moorestown-distribution-center-sells-for-23-25m/,2021-04-23,med,"272,682 SF distribution center; psf computed",,B_year_2021.jsonl,0
2021-05-26,2 Corporate Place,Piscataway,Middlesex,Simex,SIMEX,,,American Express,AMERICAN EXPRESS,,44362,,5545500,125,,industrial,,,,,,,sale,,https://traded.co/deals/new-jersey/industrial/sale/2-corporate-place/,2021-05-26,low,$125/SF per traded.co; psf computed,,B_year_2021.jsonl,0
2021-06,,Burlington,Burlington,High Street Logistics Properties,HIGH STREET LOGISTICS PROPERTIES,,,private South Jersey-based developer (unnamed),PRIVATE SOUTH JERSEY BASED DEVELOPER UNNAMED,,85390,,,,,warehouse,,,,,,CBRE,portfolio,"part of 3-building, 401,827 SF South Jersey logistics portfolio (Pennsauken 168,737 SF - out of scope Camden County; Mount Laurel 147,700 SF; Burlington 85,390 SF) bought by High Street Logistics Properties, CBRE-brokered, June 2021",https://www.roi-nj.com/2021/06/18/real_estate_development/3-south-jersey-logistics-properties-are-sold-cbre-says/,2021-06-18,med,Address not in excerpt,,B_year_2021.jsonl,0
2021-06,,Mount Laurel,Burlington,High Street Logistics Properties,HIGH STREET LOGISTICS PROPERTIES,,,private South Jersey-based developer (unnamed),PRIVATE SOUTH JERSEY BASED DEVELOPER UNNAMED,,147700,,,,,warehouse,,,,,,CBRE,portfolio,"part of 3-building, 401,827 SF South Jersey logistics portfolio (Pennsauken 168,737 SF - out of scope Camden County; Mount Laurel 147,700 SF; Burlington 85,390 SF) bought by High Street Logistics Properties, CBRE-brokered, June 2021",https://www.roi-nj.com/2021/06/18/real_estate_development/3-south-jersey-logistics-properties-are-sold-cbre-says/,2021-06-18,med,Address not in excerpt,,B_year_2021.jsonl,0
2021-07,230 W. Crescent Avenue,Allendale,Bergen,The Hampshire Companies,HAMPSHIRE COMPANIES,,,Borough of Allendale,BOROUGH OF ALLENDALE,,114500,,,,,industrial,,0,,,,NAI James E. Hanson,sale,,https://www.naihanson.com/news/nai-hanson-negotiates-sale-of-vacant-114500-square-foot-industrial-building-in-allendale-n-j/,2021-07,high,"Vacant at sale; 102,000 SF warehouse + 12,500 SF office; seller is the borough per ROI-NJ 2021-07-07 (https://www.roi-nj.com/2021/07/07/real_estate_development/hampshire-cos-buys-vacant-industrial-building-from-borough-of-allendale/); price not disclosed in excerpt",,B_year_2021.jsonl,0
2021-07,3920 Park Avenue,Edison,Middlesex,,,,,,,,63000,5.04,11000000,175,,warehouse,,100,EOS Energy Enterprises Inc.,,,Zimmel Associates,sale,,https://re-nj.com/edison-warehouse-changes-hands-for-11-million-zimmel-says/,2021-07,med,"Fully leased to EOS Energy Enterprises; 20 ft ceilings, 3 dock doors; buyer described only as an investment group; seller not in excerpt; psf computed",,B_year_2021.jsonl,0
2021-08-02,1453 Jersey Avenue,North Brunswick,Middlesex,,,,,,,,18675,,3800000,203,,small-bay,,,,,,,sale,,https://traded.co/deals/new-jersey/industrial/sale/1453-jersey-avenue/,2021-08-02,low,$203/SF per traded.co; parties not in excerpt; psf computed,,B_year_2021.jsonl,0
2021-09-09,420-424 Westminster Avenue,Elizabeth,Union,Yaron Gohar,YARON GOHAR,,,,,,7950,,850000,107,,small-bay,,,,,,,sale,,https://traded.co/deals/new-jersey/industrial/sale/420-424-westminster-avenue/,2021-09-09,low,$107/SF per traded.co; seller not in excerpt; psf computed,,B_year_2021.jsonl,0
2021-09-29,1 Slater Drive,Elizabeth,Union,,,,,,,,240000,,34500000,144,,industrial,,,,,,,sale,,https://traded.co/deals/new-jersey/industrial/sale/1-slater-drive/,2021-09-29,low,$144/SF per traded.co; buyer/seller not in excerpt; psf computed,,B_year_2021.jsonl,0
2021-10,Melanie Lane Industrial Portfolio,East Hanover,Morris,Barings / Vision Real Estate Partners (JV),BARINGS VISION REAL ESTATE PARTNERS JV,,,,,,167000,,,,,small-bay,,,,,,,JV,"three shallow-bay buildings, ~167,000 SF, Melanie Lane, Morris County",https://www.prnewswire.com/news-releases/barings--vision-real-estate-partners-acquire-melanie-lane-industrial-portfolio-301403477.html,2021-10,high,Barings with JV partner Vision Real Estate Partners; excerpt says Morris County - town East Hanover inferred from Melanie Lane street (verify); price/seller not in excerpt,,B_year_2021.jsonl,0
2021-10,former Nabisco factory site,Fair Lawn,Bergen,Greek Development,GREEK DEVELOPMENT,,,,,,,40,146500000,,,land,,,,,,,land,,https://therealdeal.com/new-york/tristate/2023/02/06/bittersweet-nabisco-factory-to-become-warehouse/,2023-02-06,med,40-acre former Nabisco plant purchased Oct 2021 for $146.5M for warehouse redevelopment (reported in 2023 TRD article); seller not in excerpt (Nabisco/Mondelez parent presumed - not stated); street address not in excerpt,,B_year_2021.jsonl,0
2021-10,730 Madison Avenue,Paterson,Passaic,,,,,,,,64377,,,,,industrial,,,,,,"NAI James E. Hanson (Lizzack, Horning)",sale,,https://www.naihanson.com/news/nai-hansons-lizzack-and-horning-negotiate-sale-of-over-64000-square-feet-of-industrial-space-in-paterson-n-j/,2021-10,high,"64,377 SF total incl. 59,427 SF industrial building in Paterson Opportunity Zone/UEZ; buyer, seller, price not in excerpt; also ROI-NJ 2021-11-02 https://www.roi-nj.com/2021/11/02/real_estate_development/nai-hanson-negotiates-sale-of-over-64000-sq-ft-of-industrial-space-in-paterson/",,B_year_2021.jsonl,0
2021-10,2301 Cottontail Lane,Somerset (Franklin Township),Somerset,GLP Capital Partners,GLP CAPITAL PARTNERS,,,,,,143670,9,,,,industrial,1986,,,,,,sale,,https://www.roi-nj.com/2021/10/26/real_estate_development/glp-capital-partners-buys-143670-sq-ft-industrial-facility-in-somerset/,2021-10-26,med,"Single-story industrial facility with two-story office on 9 acres, built 1986; seller/price not in excerpt",,B_year_2021.jsonl,0
2021-10-13,195-199 Raritan Center Parkway,Edison,Middlesex,Federal Business Centers Inc,FEDERAL BUSINESS CENTERS,,,,,,117899,,36832905,312,,industrial,,,,,,,sale,,https://traded.co/deals/new-jersey/industrial/sale/195-199-raritan-center-parkway/,2021-10-13,low,~$312/SF per traded.co; Raritan Center; seller not in excerpt; psf computed,,B_year_2021.jsonl,0
2021-11,2 Surrey Lane,Cinnaminson,Burlington,ESTI Warehouse,ESTI WAREHOUSE,,,Snacky Ventures LLC,SNACKY VENTURES,,22000,1.8,,,,flex,,,,,,WCRE (Wolf Commercial Real Estate),sale,,https://njbiz.com/wcre-completes-22000-square-foot-south-jersey-industrial-sale/,2021-11,med,"~22,000 SF flex industrial: 19,500 SF warehouse + 2,500 SF office on ~1.8 acres; price not in excerpt",,B_year_2021.jsonl,0
2021-11,,Clifton,Passaic,Brookfield Asset Management,BROOKFIELD ASSET MANAGEMENT,,,,,,,,25500000,,,industrial,,90,,,,,portfolio,"two-building Clifton industrial complex, $25.5M",https://therealdeal.com/new-york/tristate/2021/11/30/brookfield-picks-up-clifton-industrial-complex/,2021-11-30,med,"Two-building complex, 'more than 90 percent leased', ~$1.45M annual rent; address/SF/seller not in excerpt; occupancy recorded as 90 (floor)",,B_year_2021.jsonl,0
2021-11,200 Polar Way,Jersey City,Hudson,CenterPoint Properties,CENTERPOINT PROPERTIES,,,,,,49500,,,,,cold storage,,100,,,,,sale,,https://www.connectcre.com/stories/centerpoint-adds-sought-after-jersey-city-cold-storage/,2021-11,med,"Leased long-term to a major cold storage logistics company; 24-33 ft clear, ESFR, 16 dock-high doors; price/seller not in excerpt. Call-list buyer (CenterPoint)",,B_year_2021.jsonl,0
2021-12,2 Carlton Avenue,East Rutherford,Bergen,Devli Real Estate,DEVLI REAL ESTATE,,,,,,175000,,,,,industrial,,,,,,,sale-leaseback,,https://njbiz.com/devli-buys-meadowlands-industrial-property/,2021-12,med,"Short-term sale-leaseback, price undisclosed (NJBIZ); also ROI-NJ 2022-01-03 https://www.roi-nj.com/2022/01/03/real_estate_development/devli-adds-to-meadowlands-industrial-portfolio-with-175000-sq-ft-acquisition/; seller not in excerpt",,B_year_2021.jsonl,0
2021-12,"15-01 Pollitt Drive, Unit 5",Fair Lawn,Bergen,Devli Real Estate,DEVLI REAL ESTATE,,,,,,7200,,1050000,146,,small-bay,,0,,,,,portfolio,"part of 4-property, ~80,000 SF Devli Real Estate acquisition in Moonachie, North Bergen, Fair Lawn and Howell (Dec 2021)",https://www.roi-nj.com/2021/12/15/real_estate_development/devli-real-estate-adds-4-industrial-properties-in-bergen-hudson-and-monmouth-counties/,2021-12-15,med,"Vacant 7,200 SF industrial condominium; address and $1.05M price per traded.co (https://traded.co/deals/new-jersey/industrial/sale/15-01-polllitt-drive-unit-5/); psf computed",,B_year_2021.jsonl,0
2021-12,,Hanover,Morris,Farrell Contracting Solutions,FARRELL CONTRACTING SOLUTIONS,,,,,,21725,,3425000,158,,flex,,,,,,Lee & Associates New Jersey,sale,,https://www.roi-nj.com/2021/12/16/real_estate_development/lee-associates-new-jersey-sells-flex-building-in-hanover-for-3-425m/,2021-12-16,med,"21,725 SF warehouse/flex building sold to Farrell Contracting Solutions (owner-user); address not in search excerpt; psf computed",,B_year_2021.jsonl,0
2021-12,,Howell,Monmouth,Devli Real Estate,DEVLI REAL ESTATE,,,,,,,,,,,industrial,,,,,,,portfolio,"part of 4-property, ~80,000 SF Devli Real Estate acquisition in Moonachie, North Bergen, Fair Lawn and Howell (Dec 2021)",https://www.roi-nj.com/2021/12/15/real_estate_development/devli-real-estate-adds-4-industrial-properties-in-bergen-hudson-and-monmouth-counties/,2021-12-15,med,"Howell property size/address not stated in excerpt (portfolio total ~80,000 SF)",,B_year_2021.jsonl,0
2021-12,,Moonachie,Bergen,Devli Real Estate,DEVLI REAL ESTATE,,,,,,16000,,,,,industrial,,0,,,,,portfolio,"part of 4-property, ~80,000 SF Devli Real Estate acquisition in Moonachie, North Bergen, Fair Lawn and Howell (Dec 2021)",https://www.roi-nj.com/2021/12/15/real_estate_development/devli-real-estate-adds-4-industrial-properties-in-bergen-hudson-and-monmouth-counties/,2021-12-15,med,"Vacant 16,000 SF industrial building; address not in excerpt",,B_year_2021.jsonl,0
2021-12,PORTFOLIO: 3 buildings,Moonachie,Bergen,EverWest Real Estate Investors,EVERWEST REAL ESTATE INVESTORS,,,,,,190000,,65900000,347,,cold storage,,,,,,,portfolio,"three-building, ~190,000 SF, ~$65.9M Moonachie (Meadowlands) portfolio with cold storage infrastructure, Dec 2021",https://therealdeal.com/new-york/tristate/2021/12/20/everwest-pays-66m-for-nj-industrial-portfolio/,2021-12-20,med,"Three addresses in Moonachie not listed in excerpt; 26 loading positions, 243 parking spaces, cold storage infrastructure; seller not in excerpt; psf computed",,B_year_2021.jsonl,0
2021-12,,Newark,Essex,,,,,RBH Group,RBH GROUP,,,,21000000,,,industrial,,100,AeroFarms,,,,sale,,https://roi-nj.com/2021/12/03/real_estate/rbh-group-announces-21m-sale-of-industrial-brownfield-property-in-newark,2021-12-03,med,"Brownfield industrial manufacturing facility in Newark's Ironbound, fully leased to AeroFarms (indoor aeroponic farm); buyer, address and SF not in excerpt",,B_year_2021.jsonl,0
2021-12,,North Bergen,Hudson,Devli Real Estate,DEVLI REAL ESTATE,,,,,,16000,,,,,industrial,,,,,,,portfolio,"part of 4-property, ~80,000 SF Devli Real Estate acquisition in Moonachie, North Bergen, Fair Lawn and Howell (Dec 2021)",https://www.roi-nj.com/2021/12/15/real_estate_development/devli-real-estate-adds-4-industrial-properties-in-bergen-hudson-and-monmouth-counties/,2021-12-15,med,"16,000 SF industrial complex; address not in excerpt",,B_year_2021.jsonl,0
2021-12-13,210 Fairfield Road,Fairfield,Essex,Western Building Co.,WESTERN BUILDING CO,,,Woodmont Properties,WOODMONT PROPERTIES,,,,,,,industrial,,,,,,,portfolio,"part of 2-property, 92,486 SF, $22,025,000 Woodmont Properties sale (210 Fairfield Rd, Fairfield + 1705 Route 46, Ledgewood) to Western Building Co., closed 2021-12-13",https://traded.co/deals/new-jersey/industrial/sale/210-fairfield-road-1705-route-46/,2021-12-13,low,Building-level SF/price not broken out in excerpt,,B_year_2021.jsonl,0
2021-12-13,1705 Route 46,Ledgewood (Roxbury Township),Morris,Western Building Co.,WESTERN BUILDING CO,,,Woodmont Properties,WOODMONT PROPERTIES,,,,,,,industrial,,,,,,,portfolio,"part of 2-property, 92,486 SF, $22,025,000 Woodmont Properties sale (210 Fairfield Rd, Fairfield + 1705 Route 46, Ledgewood) to Western Building Co., closed 2021-12-13",https://traded.co/deals/new-jersey/industrial/sale/210-fairfield-road-1705-route-46/,2021-12-13,low,Building-level SF/price not broken out in excerpt,,B_year_2021.jsonl,0
2021-12-30,10 Industrial Avenue,Mahwah,Bergen,Brookfield,BROOKFIELD,,,,,,92000,,16650000,181,,industrial,,,,,,,sale,,https://traded.co/deals/new-jersey/industrial/sale/10-industrial-avenue/,2021-12-30,low,$181/SF per traded.co; seller not in excerpt; psf computed,,B_year_2021.jsonl,0
2022,,Burlington Township,Burlington,Velocity Venture Partners,VELOCITY VENTURE PARTNERS,,,,,,,,,,,industrial,,,STI,,,,sale,,https://www.bisnow.com/philadelphia/news/industrial/exclusive-33k-sf-warehouse-addition-planned-for-burlington-township-industrial-building-127318,,med,Bisnow states Velocity Venture Partners has owned STI's Burlington Township site since 2022 (33K SF warehouse addition later planned); address/SF/price/seller not in excerpt.,,B_year_2022.jsonl,0
2022,,East Rutherford,Bergen,Deugen Development,DEUGEN DEVELOPMENT,,,,,,,,,,,land,,,,,,,land,,https://re-nj.com/deugen-sells-new-48000-sq-ft-warehouse-in-east-rutherford-after-successful-redevelopment/,,med,"Deugen acquired the former Sun Chemical property in East Rutherford in 2022, remediated it and built a 48,000 SF warehouse later sold to Sagard Real Estate (that later sale is outside 2022 and not recorded here). Seller/price/address of the 2022 land purchase not in excerpt.",,B_year_2022.jsonl,0
2022,123 Lehigh Drive,Fairfield,Essex,,,,,,,,,,8400000,,,industrial,,,,,,,sale,,https://traded.co/deals/new-jersey/industrial/sale/123-lehigh-drive/,2022,low,Year per traded.co search summary of 2022 sales; SF/parties not in excerpt.,,B_year_2022.jsonl,0
2022,34 Ludwig Street,Little Ferry,Bergen,Rexing Inc,REXING,,,,,,,,3000000,,,industrial,,,,,,,sale,,https://traded.co/deals/new-jersey/industrial/sale/34-ludwig-street/,2022,low,Year per traded.co search summary of 2022 sales ($3M Little Ferry); SF/seller not in excerpt.,,B_year_2022.jsonl,0
2022,324-342 Thomas Street,Newark,Essex,,,,,,,,,,12100000,,,industrial,,,,,,,sale,,https://traded.co/deals/new-jersey/industrial/sale/324-342-thomas-street/,2022,low,Year per traded.co search summary of 2022 sales; SF/parties not in excerpt.,,B_year_2022.jsonl,0
2022-01,,Ewing,Mercer,,,,,,,,310000,,18700000,60,,industrial,,,,,,CBRE,sale,,https://rebusinessonline.com/cbre-negotiates-18-7m-sale-of-office-warehouse-building-in-ewing-new-jersey/,2022-01,med,psf computed; Office and warehouse building; address/buyer/seller not in excerpt.,,B_year_2022.jsonl,0
2022-01,600 Ridge Rd,Piscataway,Middlesex,Duke Realty,DUKE REALTY,,,,,,469600,,,,,warehouse,,,,,,,sale,,https://www.connectcre.com/stories/duke-realty-adds-piscataway-warehouse-to-nj-portfolio/,2022-01,med,Price/seller not in excerpt.,,B_year_2022.jsonl,0
2022-01,,Somerset,Somerset,,,,,,,,,15,30750000,,,land,,,,,,,land,,https://roi-nj.com/2022/01/07/real_estate/mystery-buyer-acquires-15-acres-of-industrial-redevelopment-land-in-somerset-for-30-75m,2022-01-07,med,"Undisclosed buyer; 15 acres of industrial redevelopment land with existing 209,000 SF office building to be repositioned plus new warehouse/distribution center; Somerset = Franklin Township",,B_year_2022.jsonl,0
2022-01,108 New Era Drive,South Plainfield,Middlesex,Realterm,REALTERM,,,,,,,5.5,,,,truck terminal,,100,,,,,sale,,https://www.realterm.com/news/realterm-acquires-highly-functional-truck-terminal-in-new-jersey/,2022-01,high,Fully leased truck terminal with 52 loading positions on 5.5 acres,,B_year_2022.jsonl,0
2022-01-24,241 Oraton St,Newark,Essex,Thor Equities Group,THOR EQUITIES GROUP,,,Jewels Transportation Inc,JEWELS TRANSPORTATION,,131205,5,32000000,244,,warehouse,,100,Jewels Transportation Inc,,,JLL Capital Markets,sale-leaseback,,https://www.globenewswire.com/de/news-release/2022/01/24/2371943/0/en/Thor-Equities-Group-Acquires-Key-Industrial-Property-in-Northern-New-Jersey.html,2022-01-24,high,"psf computed; Single-tenant warehouse/distribution facility, Newark Port submarket; $32M price per The Real Deal (https://therealdeal.com/new-york/tristate/2022/02/08/thor-equities-nabs-131k-sf-newark-warehouse/); also NJBIZ https://njbiz.com/thor-equities-group-acquires-newark-industrial-asset/; seller/tenant not named in excerpts; occupancy 100 inferred from single-tenant sale-leaseback.; Thor Equities press release (GlobeNewswire 2022-01-24): 131,205 SF single-tenant facility on 5 acres with rare 1.5-acre truck court for trailer parking; seller/tenant Jewels Transportation signed new long-term lease (roi-nj 2022-02-01 JLL sale-leaseback article https://www.roi-nj.com/2022/02/01/real_estate_development/jll-arranges-sale-leaseback-of-131205-sq-ft-industrial-asset-within-newark-port-submarket/)",,B_year_2022.jsonl,0
2022-02,435 Meadow Lane,Carlstadt,Bergen,,,,,,,,8700,,2700000,310,,small-bay,,,,,,Marcus & Millichap,sale,,https://njbiz.com/carlstadt-industrial-building-sells-for-2-7m/,2022-02,med,"8,700 SF single industrial building; psf computed",,B_year_2022.jsonl,0
2022-02,65-75 & 125-127 Kingsland Avenue,Clifton,Passaic,,,,,,,,132135,,,,,flex,,,,,,Listing: NAI James E. Hanson (Andrew Somple),sale,,https://www.naihanson.com/news/nai-james-e-hanson-negotiates-sale-of-132135-square-foot-industrial-flex-complex-in-clifton-n-j/,2022-02,high,Industrial/flex complex across two addresses,,B_year_2022.jsonl,0
2022-02,1 Cory Road,Morristown,Morris,Taconic Partners,TACONIC PARTNERS,,,,,,296000,17,55000000,186,,warehouse,,,,Granite Point Mortgage Trust,42000000,,JV,,https://commercialobserver.com/2022/02/gpms-lends-42m-on-taconics-new-jersey-industrial-buy/,2022-02,med,psf computed; JV of Taconic Partners and Nuveen Real Estate; described as a $55M all-cash purchase with a $42M Granite Point loan; 450-kW rooftop solar system; article places the property in Morristown; seller not in excerpt.,,B_year_2022.jsonl,0
2022-02,25 Green Pond Road,Rockaway,Morris,,,,,,,,,,19600000,,,industrial,,,,,,CBRE,sale,,https://njbiz.com/rockaway-industrial-complex-sells-for-19-6m/,2022-02,med,Industrial complex; buyer/seller/sf not in excerpt,,B_year_2022.jsonl,0
2022-02-03,,Union,Union,Brentwood Realty,BRENTWOOD REALTY,,,,,,95000,,,,,industrial,,,,,,Blau & Berg,sale,,https://re-nj.com/investor-sells-95000-sq-ft-industrial-building-in-union-blau-berg-says/,2022-02-03,med,"Multitenant 95,000 SF industrial building in Union Township sold by a private investor to Elmwood Park-based Brentwood Realty",,B_year_2022.jsonl,0
2022-03,14-22 River Road,Bogota,Bergen,Thor Equities Group,THOR EQUITIES GROUP,,,,,,150000,10,50000000,333,,industrial,,,,,,,sale,,https://therealdeal.com/new-york/tristate/2022/09/09/thor-completes-hat-trick-of-nj-industrial-acquisitions/,2022-09-09,med,"psf computed; Address/seller not in excerpt; one of three 2022 NJ industrial buys by Thor.; JLL newsroom: Thor Equities Bogota facility is 150,917 SF Class A spec warehouse at 14-22 River Road; JLL arranged development financing April 2022 (https://www.jll.com/en-us/newsroom/thor-equities-acquires-industrial-facility-in-new-jersey) | CORRECTED from prior pass: Commercial Observer reported this $50M (approx, 'sources') 10-acre last-mile development-site purchase in Bogota in March 2022, not 2023; a July 2025 CO refi article (Acres Capital $31M) loosely dated it 2023. BELONGS IN 2022 SLICE - dedupe against B_year_2022",,B_year_2022.jsonl;B_year_2023.jsonl,1
2022-03,149 New Dutch Lane,Fairfield,Essex,Longpoint Realty Partners,LONGPOINT REALTY PARTNERS,,,,,,39800,,,,,cold storage,,,,,,Avison Young,sale,,https://www.roi-nj.com/2022/03/21/real_estate_development/avison-young-brokers-sale-of-39800-square-foot-industrial-property/,2022-03-21,med,"39,800 SF industrial building including 30,500 SF of refrigerated warehouse space; buyer/seller/price not in excerpt.; Avison Young 2022-08-18 lease release states LRP (Longpoint Realty Partners) acquired the property in 2021 - sale may have closed late 2021 and been announced March 2022 (https://www.avisonyoung.com/news-releases/-/aynp/view/2022/08/18/avison-young-arranges-lease-of-149-new-dutch-lane-in-fairfield-new-jersey-to-remarkable-foods-kitchens-llc/in/new-jersey)",,B_year_2022.jsonl,0
2022-03,7001 Anpesil Drive,North Bergen,Hudson,Sitex Group,SITEX GROUP,,,,,,210000,7.3,,,,warehouse,,100,,,,,sale,,https://re-nj.com/sitex-acquires-fully-leased-210000-sq-ft-warehouse-in-north-bergen/,2022,med,"Fully leased at sale; 22-ft clear, 20 loading docks, ~3 miles from I-495/NJ Turnpike; seller and price undisclosed; year 2022 per search-result summary - verify exact date; address not in excerpt. Call-list buyer (Sitex).; Connect CRE (March 2022): 7001 Anpesil Drive bought from a private investor; re-nj: 22-ft clear, 20 docks, 7.3 acres (https://www.connectcre.com/stories/sitex-group-purchases-210000-sq-north-bergen-warehouse/)",,B_year_2022.jsonl,0
2022-03,,North Brunswick,Middlesex,,,,,,,,,7.5,,,,IOS,,,,Thorofare Capital,11341000,,sale,,https://www.thorofarecapital.com/deals/nj-industrial-outdoor-storage/,2022-03,med,"Lender deal page: $11,341,000 acquisition loan on 7.5+ acre truck/trailer parking IOS property in North Brunswick Township; buyer not named",,B_year_2022.jsonl,0
2022-03,,Parsippany,Morris,Longpoint Realty Partners,LONGPOINT REALTY PARTNERS,,Longpoint Realty Partners L.P.,,,,135000,7,,,,flex,,100,Allstate Can Corp,,,Avison Young,sale-leaseback,,https://www.roi-nj.com/2022/03/28/real_estate_development/avison-young-arranges-sale-leaseback-of-135k-sq-ft-parsippany-industrial-flex-building/,2022-03-28,med,~7-acre site; buyer extended the lease to occupant Allstate Can Corp,,B_year_2022.jsonl,0
2022-03,550 County Ave,Secaucus,Hudson,,,,,,,,10000,,1900000,190,,small-bay,,25,,,,Marcus & Millichap,sale,,https://www.marcusmillichap.com/news-events/press/2022/03/03-29-550-county-ave,2022-03-29,high,Mixed-use industrial building delivered partially vacant (tenant in ~25%); psf computed,,B_year_2022.jsonl,0
2022-05,329 New Brunswick Avenue,Rahway,Union,EverWest Real Estate Investors,EVERWEST REAL ESTATE INVESTORS,,,,,,215000,,62000000,288,,warehouse,,,,,,,sale,,https://therealdeal.com/new-york/tristate/2022/05/17/tri-state-deal-roundup-multifamily-industrial-still-hot/,2022-05-17,med,psf computed; Attribution to the 2022-05-17 TRD Tri-State Deal Roundup inferred from the search summary - verify; seller not in excerpt.,,B_year_2022.jsonl,0
2022-06,201 Elizabeth St,Bordentown,Burlington,Penwood Real Estate,PENWOOD REAL ESTATE,,,O'Donnell Group,O DONNELL GROUP,,275631,,60000000,218,,warehouse,,,,,40000000,Newmark,sale,,https://www.roi-nj.com/2022/08/03/real_estate_development/newmark-warehouse-property-in-bordentown-sells-for-60m/,2022-08-03,med,"psf computed; traded.co lists closing 2022-06-09 at $218/SF (https://traded.co/deals/new-jersey/industrial/sale/201-elizabeth-street-2/); JLL Capital Markets arranged $40M acquisition financing for Penwood (ROI-NJ 2022-11-30 https://www.roi-nj.com/2022/11/30/real_estate_development/jll-capital-markets-arranges-40m-acquisition-financing-for-industrial-warehouse-in-bordentown/ ; RE-NJ https://re-nj.com/jll-penwood-snags-40-million-acquisition-loan-for-274000-sq-ft-bordentown-warehouse/ cites 274,000 SF); lender not named in excerpt.",,B_year_2022.jsonl,0
2022-06,46 Industrial Avenue,Mahwah,Bergen,,,,,,,,54000,,,,,industrial,,,,,,"Listing: NAI James E. Hanson (Russell J. Verducci, Eric Demmers)",sale,,https://www.naihanson.com/news/nai-james-e-hanson-negotiates-off-market-sale-of-54000-square-foot-industrial-building-in-mahwah-n-j/,2022-06,high,Off-market sale; buyer/seller names not in excerpt,,B_year_2022.jsonl,0
2022-06,60 Leonard St,Metuchen,Middlesex,Seagis Property Group,SEAGIS PROPERTY GROUP,,,P&V Warehouse Distribution,P AND V WAREHOUSE DISTRIBUTION,,158641,6.92,24000000,151,,warehouse,,,,,,Bussel Realty Corp.,sale,,https://re-nj.com/seagis-acquires-159000-sq-ft-middlesex-county-warehouse-for-24-million/,2022-06,med,"psf computed; ROI-NJ (2022-07-15, https://www.roi-nj.com/2022/07/15/real_estate_development/bussel-realty-reps-sale-of-158641-sq-ft-industrial-building-in-metuchen-for-23-8m/) reports $23.8M; NJBIZ (https://njbiz.com/seagis-acquires-metuchen-industrial-property-for-24m/), RE-NJ and traded.co (https://traded.co/deals/new-jersey/industrial/sale/60-leonard-street/, dated 2022-06-27, $151/SF) report $24M. Exit 10 submarket; seller is a trucking company; buyer plans multimillion-dollar upgrades.",,B_year_2022.jsonl,0
2022-06,55 East 6th Street,Paterson,Passaic,RET Industrial,RET INDUSTRIAL,,,Kirker Enterprises Inc,KIRKER ENTERPRISES,,152000,,15000000,99,,industrial,,,,,,"Listing: NAI James E. Hanson (Russell J. Verducci, Eric Demmers)",sale,,https://www.naihanson.com/news/nai-james-e-hanson-negotiates-sale-of-152000-square-foot-industrial-building-in-paterson-n-j/,2022-06,high,"Address/buyer/seller/price not in excerpt.; NAI Hanson release (June 2022) names seller Kirker Enterprises; buyer RET Industrial and $15M price from traded.co (closing May 2022, https://traded.co/deals/new-jersey/industrial/sale/55-east-6th-street/); roi-nj 2022-07-05 also reports NAI Hanson closing; psf computed",,B_year_2022.jsonl,0
2022-06,,Trenton,Mercer,,,,,,,,75097,,5600000,75,,industrial,,,,,,NAI Fennelly,sale,,https://www.roi-nj.com/2022/06/02/real_estate_development/nai-fennelly-negotiates-5-6m-sale-of-75097-sq-ft-industrial-property-in-trenton/,2022-06-02,med,psf computed; Address/buyer/seller not in excerpt.,,B_year_2022.jsonl,0
2022-06,,Upper Saddle River,Bergen,,,,,,,,,,,,,flex,,,,,,NAI James E. Hanson,sale,,https://www.roi-nj.com/2022/06/29/real_estate_development/nai-hanson-sells-industrial-flex-building-in-upper-saddle-river-food-distributor-to-move-hq-from-n-y/,2022-06-29,med,Buyer is an unnamed food distributor relocating its HQ from New York (owner-user); address/SF/price/seller not in excerpt.,,B_year_2022.jsonl,0
2022-07,,Delran,Burlington,Faropoint,FAROPOINT,,,,,,,,1600000,,,industrial,,,,,,,sale,,https://www.roi-nj.com/2022/07/22/real_estate_development/faropoint-acquires-industrial-property-in-delran-for-1-6m/,2022-07-22,med,Small last-mile acquisition; sf not in excerpt,,B_year_2022.jsonl,0
2022-07,"PORTFOLIO: 6 buildings (Freehold Business Park, incl. 100 Business Park Drive lot)",Freehold,Monmouth,MT Freehold BPD,MT FREEHOLD BPD,,,Asbury Avenue Partners,ASBURY AVENUE PARTNERS,,90000,,15200000,169,,industrial,,,,,,CBRE,portfolio,"6-building, ~90,000 SF, $15.2M Freehold Business Park portfolio including ~1-acre developable lot at 100 Business Park Drive (room for ~13,750 SF more)",https://www.roi-nj.com/2022/07/21/real_estate_development/freehold-business-park-six-buildings-90k-sq-ft-sells-for-15-2m/,2022-07-21,med,psf computed; psf computed on approximate 90K SF headline figure.,,B_year_2022.jsonl,0
2022-07,3301 Tremley Point Road,Linden,Union,Bridge Logistics Properties,BRIDGE LOGISTICS PROPERTIES,Bridge Investment Group,,,,,,,,,,warehouse,,,,,,,portfolio,"part of 2-warehouse, 170,000 SF, $89.5M Tremley Point Road, Linden acquisition by BLP (July 2022)",https://re-nj.com/industrial-buyer-adds-two-building-170000-sq-ft-linden-warehouse-portfolio/,2022-07,med,building-level sf/price not stated; see portfolio summary row; re-nj and REBusinessOnline cross-reference,,B_year_2022.jsonl,0
2022-07,3351 Tremley Point Road,Linden,Union,Bridge Logistics Properties,BRIDGE LOGISTICS PROPERTIES,Bridge Investment Group,,,,,,,,,,warehouse,,,,,,,portfolio,"part of 2-warehouse, 170,000 SF, $89.5M Tremley Point Road, Linden acquisition by BLP (July 2022)",https://re-nj.com/industrial-buyer-adds-two-building-170000-sq-ft-linden-warehouse-portfolio/,2022-07,med,building-level sf/price not stated; see portfolio summary row; re-nj and REBusinessOnline cross-reference,,B_year_2022.jsonl,0
2022-07,PORTFOLIO: 2 buildings (3301 & 3351 Tremley Point Road),Linden,Union,Bridge Logistics Properties,BRIDGE LOGISTICS PROPERTIES,Bridge Investment Group,,,,,170000,14.65,89500000,526,,warehouse,,,,,,,portfolio,"2-warehouse, 170,000 SF, $89.5M Tremley Point Road, Linden acquisition by BLP (July 2022)",https://re-nj.com/industrial-buyer-adds-two-building-170000-sq-ft-linden-warehouse-portfolio/,2022-07,med,"Call-list buyer family (Bridge Industrial affiliate BLP); Connect CRE separately reports 'Bridge Logistics Properties Buys NJ Industrial Warehouse for $45M' (https://www.connectcre.com/stories/bridge-logistics-properties-buys-industrial-warehouse-in-nj/) - possibly one of these buildings, not confirmed; psf computed; re-nj: combined 14.65 acres with large excess-land component; Class A building (36-ft clear, some cold storage) plus Class B warehouse (dock-high and grade doors); re-nj describes the purchase as September 2022 while traded.co shows July 2022 closing - CoStar-reported price $89.5M; REBusinessOnline also covers (https://rebusinessonline.com/bridge-logistics-properties-buys-170000-sf-industrial-complex-in-northern-new-jersey/)",,B_year_2022.jsonl,0
2022-07-14,153 Bauer Drive,Oakland,Bergen,Faropoint,FAROPOINT,,,Oakland Management,OAKLAND MANAGEMENT,,44300,,9600000,217,,industrial,,100,,,,CBRE,sale,,https://njbiz.com/faropoint-acquires-oakland-industrial-property-for-9-6m/,2022-07,med,"psf computed; Fully leased at sale; also traded.co https://traded.co/deals/new-jersey/industrial/sale/153-bauer-drive-2/; re-nj.com: CBRE inks sale of 44,000 sq. ft. Oakland industrial building for $9.6M, dated 2022-07-14 (https://re-nj.com/cbre-inks-sale-of-44000-sq-ft-oakland-industrial-building-for-9-6-million/)",,B_year_2022.jsonl,0
2022-07-18,250 Circle Drive North,Piscataway,Middlesex,Bridge Logistics Properties,BRIDGE LOGISTICS PROPERTIES,Bridge Investment Group,,,,,59572,0.8,,,,industrial,,,,,,,sale,,https://www.businesswire.com/news/home/20220718005322/en/BLP-Acquires-Off-Market-Industrial-Property---Marks-21st-Deal-and-$789-Million-Closed-Since-Initial-Investment-Seven-Months-Ago,2022-07-18,high,"Off-market core-plus acquisition; 59,572 SF with 0.8-acre yard; BLP's 21st deal",,B_year_2022.jsonl,0
2022-07-26,50-100 Randolph Road,Somerset,Somerset,,,,,,,,,,,,,industrial,,,,,,Newmark,portfolio,"Newmark-brokered $100M, 650,000 SF Somerset/Warren (Somerset County) industrial portfolio: 50-100 Randolph Road, 30-40-45 Technology Drive, 7 Powder Horn Drive",https://traded.co/deals/new-jersey/industrial/sale/50-100-randolph-road-30-40-45-technology-drive-7-powder-horn-drive-2/,2022-07-26,low,Town assigned from street address; building-level SF/price not in excerpt; buyer/seller not in excerpt.,,B_year_2022.jsonl,0
2022-07-26,PORTFOLIO: 3 addresses (50-100 Randolph Road; 30-40-45 Technology Drive; 7 Powder Horn Drive),Somerset / Warren,Somerset,,,,,,,,650000,,100000000,154,,industrial,,,,,,Newmark,portfolio,"Newmark-brokered $100M, 650,000 SF Somerset/Warren (Somerset County) industrial portfolio: 50-100 Randolph Road, 30-40-45 Technology Drive, 7 Powder Horn Drive",https://traded.co/deals/new-jersey/industrial/sale/50-100-randolph-road-30-40-45-technology-drive-7-powder-horn-drive-2/,2022-07-26,low,psf computed; traded.co lists $153/SF; buyer/seller not in excerpt.,,B_year_2022.jsonl,0
2022-07-26,30-40-45 Technology Drive,Warren,Somerset,,,,,,,,,,,,,industrial,,,,,,Newmark,portfolio,"Newmark-brokered $100M, 650,000 SF Somerset/Warren (Somerset County) industrial portfolio: 50-100 Randolph Road, 30-40-45 Technology Drive, 7 Powder Horn Drive",https://traded.co/deals/new-jersey/industrial/sale/50-100-randolph-road-30-40-45-technology-drive-7-powder-horn-drive-2/,2022-07-26,low,Town assigned from street address; building-level SF/price not in excerpt; buyer/seller not in excerpt.,,B_year_2022.jsonl,0
2022-07-26,7 Powder Horn Drive,Warren,Somerset,,,,,,,,,,,,,industrial,,,,,,Newmark,portfolio,"Newmark-brokered $100M, 650,000 SF Somerset/Warren (Somerset County) industrial portfolio: 50-100 Randolph Road, 30-40-45 Technology Drive, 7 Powder Horn Drive",https://traded.co/deals/new-jersey/industrial/sale/50-100-randolph-road-30-40-45-technology-drive-7-powder-horn-drive-2/,2022-07-26,low,Town assigned from street address; building-level SF/price not in excerpt; buyer/seller not in excerpt.,,B_year_2022.jsonl,0
2022-08,,Edison,Middlesex,Industrial Outdoor Ventures,INDUSTRIAL OUTDOOR VENTURES,,,Railroad Construction Co,RAILROAD CONSTRUCTION CO,,,8,,,,IOS,,,Railroad Construction Co,,,"Procuring: NAI James E. Hanson (Scott Perkins, Chris Todd, William Ericksen)",sale-leaseback,,https://roi-nj.com/2022/08/30/real_estate/nai-hanson-negotiates-sale-leaseback-for-industrial-outdoor-ventures-1st-acquisition-in-n-j,2022-08-30,med,8-acre construction yard; Industrial Outdoor Ventures' first NJ acquisition,,B_year_2022.jsonl,0
2022-08,,Elizabeth,Union,,,,,,,,9950,,2200000,221,,industrial,,,,,,Bussel Realty Corp.,sale,,https://www.roi-nj.com/2022/08/17/real_estate_development/bussel-realty-corp-trades-industrial-building-in-elizabeth/,2022-08-17,med,psf computed; Address/buyer/seller not in excerpt.,,B_year_2022.jsonl,0
2022-08,711 Lidgerwood Avenue,Elizabeth,Union,Jay Soni & Justin Passaretti,JAY SONI AND JUSTIN PASSARETTI,,,,,,,9.75,46500000,,,industrial,,,,,,,sale,,https://traded.co/deals/new-jersey/industrial/sale/711-lidgerwood-avenue/,2022-08,low,9.75-acre industrial property; buyers named as individuals on traded.co,,B_year_2022.jsonl,0
2022-08,975 E. Linden Avenue,Linden,Union,,,,,,,,12000,,,,,small-bay,,,,,,"Procuring: NAI James E. Hanson (Scott Perkins, Chris Todd, William Ericksen)",sale,,https://www.naihanson.com/news/nai-james-e-hanson-facilitates-sale-of-12000-square-foot-undustrial-building-in-linden-n-j/,2022-08,high,NAI Hanson represented the buyer (name not in excerpt),,B_year_2022.jsonl,0
2022-08,PORTFOLIO: 2 buildings + 2.1-acre laydown yard,Linden,Union,,,,,,,,73277,2.1,,,,industrial,,,,,,Cushman & Wakefield,portfolio,"73,277 SF two-building industrial portfolio plus adjacent 2.1-acre laydown yard (IOS), Linden",https://www.roi-nj.com/2022/08/08/real_estate_development/cushman-wakefield-arranges-three-property-linden-industrial-sale/,2022-08-08,med,Acres refers to the laydown yard only; addresses/buyer/seller/price not in excerpt.,,B_year_2022.jsonl,0
2022-08,845 East 25th St,Paterson,Passaic,Timberline Real Estate Ventures,TIMBERLINE REAL ESTATE VENTURES,,,,,,66000,,,,,industrial,,100,,,,JLL (acquisition financing),sale,,https://www.connectcre.com/stories/jll-lines-up-acquisition-debt-on-paterson-warehouse-with-outdoor-storage/,2022-08,med,"Fully leased light industrial building with nearly 1 acre of outdoor storage (IOS component); JLL arranged acquisition financing; buyer/seller/price/lender/address not in excerpt.; JLL newsroom (July 2022): acquisition financing arranged for Timberline Real Estate Ventures' purchase of fully leased 66,000 SF light-industrial building with ~1 acre outdoor storage at 845 East 25th St (https://www.jll.com/en-us/newsroom/acquisition-loan-arranged-for-nj-outdoor-storage-facility); lender not named in excerpt",,B_year_2022.jsonl,0
2022-08-17,20-30 & 25 Continental Drive,Wayne,Passaic,Ares Industrial Real Estate Income Trust,ARES INDUSTRIAL REAL ESTATE INCOME TRUST,,,,,,557000,,138500000,249,,industrial,,,,,,,sale,,https://therealdeal.com/new-york/tristate/2022/08/17/ares-pays-139m-for-nj-industrial-complex-wont-reveal-address/,2022-08-17,med,psf computed; I-80 Logistics Park; TRD says buyer would not reveal address - address per traded.co https://traded.co/deals/new-jersey/industrial/sale/20-30-25-continental-drive/ ($249/SF); seller not in excerpt.,,B_year_2022.jsonl,0
2022-09,160 Essex Ave E,Avenel,Middlesex,Sitex Group,SITEX GROUP,,,Total Source Logistics,TOTAL SOURCE LOGISTICS,,40000,,19700000,492,,industrial,,,,,,Bussel Realty Corp. (BRC),sale,,https://njbiz.com/avenel-industrial-site-sells-for-19-7m-brc-says/,2022-09,med,Call-list buyer (Sitex); 'industrial site' - high psf suggests significant land/yard component; Avenel is in Woodbridge Township; psf computed,,B_year_2022.jsonl,0
2022-09,,Bridgewater,Somerset,,,,,,,,220000,24,37000000,168,,industrial,,,,,,Bussel Realty Corp.,sale,,https://www.roi-nj.com/2022/09/01/real_estate_development/bussel-realty-corp-trades-220000-sq-ft-industrial-complex-in-bridgewater/,2022-09-01,med,psf computed; Industrial complex on 24 acres; address/buyer/seller not in excerpt.,,B_year_2022.jsonl,0
2022-09,83 Broad Ave,Fairview,Bergen,Realterm,REALTERM,,,,,,66504,4.7,,,,warehouse,,,,,,,sale,,https://rebusinessonline.com/realterm-acquires-66504-sf-warehouse-in-fairview-new-jersey/,2022-09,med,10 dock-high doors; price/seller not in excerpt.,,B_year_2022.jsonl,0
2022-09,PORTFOLIO: 5 buildings (Port Newark Light Industrial Park),Newark,Essex,Westbrook Partners,WESTBROOK PARTNERS,,,,,,113743,,,,,small-bay,,,,,,,portfolio,"5-building, 113,743 SF shallow-bay Port Newark Light Industrial Park portfolio, Newark",https://www.connectcre.com/stories/westbrook-camber-jv-scores-shallow-bay-industrial-near-port-newark/,2022-09,med,JV of affiliates of Westbrook Partners and Camber Real Estate Partners; shallow-bay industrial near Port Newark; addresses/price/seller not in excerpt.,,B_year_2022.jsonl,0
2022-09,,Passaic,Passaic,Thor Equities Group,THOR EQUITIES GROUP,,,Waitex Group,WAITEX GROUP,,330000,,52000000,158,,warehouse,,,,,,,sale,,https://therealdeal.com/new-york/tristate/2022/09/09/thor-completes-hat-trick-of-nj-industrial-acquisitions/,2022-09-09,med,psf computed; Address not in excerpt; third of Thor's 2022 NJ industrial acquisitions.,,B_year_2022.jsonl,0
2022-09,18-20 Hamrich Road,South Plainfield,Middlesex,Marcus Partners,MARCUS PARTNERS,,,,,,200000,,36500000,182,,industrial,,,,,,,sale,,https://njbiz.com/middlesex-county-industrial-property-sells-for-36-5m-in-off-market-deal/,2022-09,med,psf computed; Off-market deal; buyer described as Boston-based; seller not in excerpt.,,B_year_2022.jsonl,0
2022-09-12,52 Amsterdam Street,Newark,Essex,Daybreak Express,DAYBREAK EXPRESS,,,,,,,5.6,35800000,,,industrial,,,,,,,sale,,https://traded.co/deals/new-jersey/industrial/sale/52-amsterdam-street/,2022-09-12,low,Owner-user trucking company buyer; 5.6-acre site; SF/seller not in excerpt.,,B_year_2022.jsonl,0
2022-10,PORTFOLIO: Duke Realty New Jersey industrial portfolio (8.3M SF),,,Prologis Inc,PROLOGIS,,,Duke Realty Corp,DUKE REALTY,,8300000,,,,,industrial,,,,,,,portfolio,NJ portion of Prologis's acquisition of Duke Realty Corp (closed October 2022): 8.3M SF operating plus nearly 3M SF via development in progress and buildable land,https://re-nj.com/prologis-adds-8-3-million-sq-ft-in-new-jersey-with-more-to-come-after-duke-realty-deal/,2022-10,med,"Entity-level M&A, not a property-level sale; recorded as portfolio summary only; individual NJ assets (e.g. 600 Ridge Rd Piscataway bought by Duke Jan 2022) not itemized",,B_year_2022.jsonl,0
2022-10,1 Graphic Place,Moonachie,Bergen,Seagis Property Group,SEAGIS PROPERTY GROUP,,,,,,,,,,,small-bay,,,,,,,portfolio,"part of 2-building, 19,296 SF Graphic Place, Moonachie acquisition by Seagis (Oct 2022)",https://www.prnewswire.com/news-releases/seagis-property-group-acquires-two-meadowlands-industrial-properties-featuring-19-296-sf-across-two-buildings-301650961.html,2022-10,high,"buildings are 9,660 and 9,636 SF; mapping of size to address not stated",,B_year_2022.jsonl,0
2022-10,11 Graphic Place,Moonachie,Bergen,Seagis Property Group,SEAGIS PROPERTY GROUP,,,,,,,,,,,small-bay,,,,,,,portfolio,"part of 2-building, 19,296 SF Graphic Place, Moonachie acquisition by Seagis (Oct 2022)",https://www.prnewswire.com/news-releases/seagis-property-group-acquires-two-meadowlands-industrial-properties-featuring-19-296-sf-across-two-buildings-301650961.html,2022-10,high,"buildings are 9,660 and 9,636 SF; mapping of size to address not stated",,B_year_2022.jsonl,0
2022-10,PORTFOLIO: 2 buildings (1 & 11 Graphic Place),Moonachie,Bergen,Seagis Property Group,SEAGIS PROPERTY GROUP,,,,,,19296,,,,,small-bay,,,,,,,portfolio,"2-building, 19,296 SF Graphic Place, Moonachie (Meadowlands) acquisition by Seagis (Oct 2022)",https://www.prnewswire.com/news-releases/seagis-property-group-acquires-two-meadowlands-industrial-properties-featuring-19-296-sf-across-two-buildings-301650961.html,2022-10,high,"Two stand-alone buildings of 9,660 and 9,636 SF",,B_year_2022.jsonl,0
2022-10,McClellan One,Newark,Essex,Creation Equity,CREATION EQUITY,,,,,,120884,,,,,warehouse,,,,,27300000,,JV,,https://www.connectcre.com/stories/jpmorgan-creation-equity-snap-up-newark-spec-industrial/,2022-10,med,"JV with JPMorgan; speculative Class A warehouse/distribution development; $27.3M acquisition financing (lender not in excerpt); street address, price and seller not in excerpt.",,B_year_2022.jsonl,0
2022-10,38 Leuning Street,South Hackensack,Bergen,,,,,,,,4400,,,,,small-bay,,,,,,NAI James E. Hanson,sale,,https://www.naihanson.com/news/nai-james-e-hanson-negotiates-sale-of-industrial-building-in-south-hackensack-n-j/,2022-10,high,,,B_year_2022.jsonl,0
2022-11,PORTFOLIO: 2 buildings,Ewing,Mercer,,,,,,,,,,1530000,,,industrial,,,,,,NAI Fennelly,portfolio,2 industrial buildings in Ewing sold together for $1.53M,https://www.roi-nj.com/2022/11/15/real_estate/nai-fennelly-negotiates-sale-of-2-industrial-buildings-in-ewing-for-1-53m/,2022-11-15,med,Addresses/SF/buyer/seller not in excerpt.,,B_year_2022.jsonl,0
2022-11,148 Doremus Ave,Newark,Essex,Denholtz Properties,DENHOLTZ PROPERTIES,,,,,,28100,5,,,,industrial,,,,,,,sale,,https://www.connectcre.com/stories/denholtz-acquires-waterfront-industrial-parcel-in-newark/,2022-11,med,"Five-acre waterfront parcel zoned heavy industrial with 28,100 SF two-story warehouse (2,000 SF two-bay shop, 2,100 SF office); IOS/heavy-industrial profile",,B_year_2022.jsonl,0
2022-11-15,2 Terminal Road,Lyndhurst,Bergen,Woodmont Industrial Partners,WOODMONT INDUSTRIAL PARTNERS,,,,,,30000,,,,,warehouse,,,,,,,sale,,https://njbiz.com/woodmont-industrial-acquires-30k-square-feet-in-the-meadowlands/,2022-11,med,"Warehouse/distribution facility in the Meadowlands; acquisition announced Nov. 15, 2022; price/seller not in excerpt.",,B_year_2022.jsonl,0
2022-12,1 Indian Lane E,Towaco,Morris,Diversified Properties LLC,DIVERSIFIED PROPERTIES,,,,,,9000,,,,,small-bay,,,,,,,sale,,https://njbiz.com/diversified-properties-acquires-montville-industrial-building/,2022-12,med,Towaco is a section of Montville Township,,B_year_2022.jsonl,0
2022-12,PORTFOLIO: 4 buildings (Monmouth Business Campus),Wall Township,Monmouth,Treetop Cos.,TREETOP COS,,,,,,,,40500000,,,industrial,,,,,,CBRE,portfolio,"4-building, $40.5M Monmouth Business Campus industrial portfolio, Wall Township",https://njbiz.com/cbre-arranges-40-5m-four-building-industrial-sale-in-wall/,2022-12,med,NJBIZ excerpt dates the deal to the end of 2022; building addresses/SF/seller not in excerpt.,,B_year_2022.jsonl,0
2023,,Fairfield,Essex,STRO Cos.,STRO COS,,,,,,76560,,,,,industrial,,,,,,,sale,,https://rebusinessonline.com/new-jersey-industrial-market-begins-emergence-from-investment-sales-lull/,,low,Mentioned in REBusinessOnline search excerpt alongside other 2023 NJ deals; attribution to this market-overview URL is inferred - verify; address/price/seller not in excerpt,,B_year_2023.jsonl,0
2023,Freehold Business Park (6 buildings + vacant parcel),Freehold,Monmouth,,,,,,,,90677,,15200000,168,,small-bay,,,,,,CBRE,sale,,https://rebusinessonline.com/cbre-negotiates-15-2m-sale-of-six-industrial-buildings-vacant-parcel-in-freehold-new-jersey/,,med,"Six industrial buildings totaling 90,677 SF plus a vacant development parcel within Freehold Business Park; year 2023 per search summary framing only - verify; buyer/seller not in excerpt; also re-nj https://re-nj.com/cbre-inks-15-million-sale-of-91000-sq-ft-industrial-park-development-site-in-freehold/; psf computed",,B_year_2023.jsonl,0
2023,1065 Cranbury South River Road (Eastpoint at Exit 8A),Monroe Township,Middlesex,Property Reserve Inc.,PROPERTY RESERVE,,,Morgan Stanley,MORGAN STANLEY,,450330,,,,,warehouse,,,,,,CBRE,sale,,https://www.cbre.com/press-releases/cbre-arranges-sale-of-industrial-property-at-1065-cranbury-south-river-road-in-monroe-township-nj,,high,Year 2023 per search summary framing only - verify release date; price not in excerpt,,B_year_2023.jsonl,0
2023,28 Worlds Fair Drive,Somerset (Franklin Township),Somerset,SL Industrial Partners,SL INDUSTRIAL PARTNERS,,,,,,49172,,,,,industrial,,,,,,Cushman & Wakefield,sale,,https://rebusinessonline.com/new-jersey-industrial-market-begins-emergence-from-investment-sales-lull/,,low,Mentioned in REBusinessOnline search excerpt alongside other 2023 NJ deals; attribution to this market-overview URL is inferred - verify; price/seller not in excerpt,,B_year_2023.jsonl,0
2023,115 St. Nicholas Avenue / 115 Skyline Drive,South Plainfield,Middlesex,Oliver Street Capital and Bain Capital Real Estate,OLIVER STREET CAPITAL AND BAIN CAPITAL REAL ESTATE,,,Trans American Trucking Services,TRANS AMERICAN TRUCKING SERVICES,,,8.84,33250000,,,IOS,,,,,,NAI James E. Hanson,sale,,https://www.naihanson.com/news/nai-james-e-hanson-negotiates-33-25m-industrial-outdoor-storage-sale-in-south-plainfield-n-j/,,high,8.84-acre industrial outdoor storage site; NAI Hanson represented the buyers in the transaction with seller Trans American Trucking Services; year 2023 per search summary framing only - verify release date; also re-nj https://re-nj.com/investors-buy-south-plainfield-industrial-outdoor-storage-site-for-33-million-nai-hanson-says/,,B_year_2023.jsonl,0
2023-01,3140 Route 22,Branchburg,Somerset,Faropoint,FAROPOINT,,,,,,151000,,23750000,157,,industrial,,,,,,Procuring: Cushman & Wakefield (buyer's rep),sale,,https://njbiz.com/faropoint-acquires-branchburg-industrial-property-for-23-75m/,2023-01,med,"151,000 SF industrial asset sold to Faropoint in January 2023 per re-nj/NJBIZ excerpt; seller not in excerpt; also traded.co https://traded.co/deals/new-jersey/industrial/sale/3140-route-22-2/; psf computed",,B_year_2023.jsonl,0
2023-01,550-558 Central Ave,Bridgewater,Somerset,,,,,,,,211000,,37000000,175,,industrial,,,,,,BRC (Bussel Realty Corp.),sale,,https://re-nj.com/brc-investor-completes-1031-exchange-after-37-million-industrial-sale-in-bridgewater/,2023-01,med,"211,000 SF complex sold for $37M in January 2023; seller (investor) completed a 1031 exchange; buyer not in excerpt; psf computed",,B_year_2023.jsonl,0
2023-01-18,,Hasbrouck Heights,Bergen,,,,,,,,33000,,,,,industrial,,,,,,,sale,,https://www.roi-nj.com/2023/01/18/real_estate_development/33000-sq-ft-industrial-building-in-hasbrouck-heights-is-sold/,2023-01-18,med,Headline only in search excerpt; buyer/seller/price/broker not captured,,B_year_2023.jsonl,0
2023-02,,Eastampton,Burlington,Glendale Warehouse and Distribution Corp.,GLENDALE WAREHOUSE AND DISTRIBUTION,,,Rockefeller Group,ROCKEFELLER GROUP,,346000,,83000000,240,,warehouse,,,,,,,sale,,https://www.bisnow.com/philadelphia/news/deal-sheet/philadelphia-deal-sheet-week-of-feb-6-2023-117570,2023-02-08,med,Rockefeller Group sold 346K SF warehouse in Eastampton (Burlington County) for $83M to Glendale Warehouse and Distribution Corp.; per Bisnow Philadelphia deal sheet excerpt (Feb 2023); address not in excerpt; psf computed,,B_year_2023.jsonl,0
2023-02-16,,Passaic,Passaic,Thor Equities Group,THOR EQUITIES GROUP,,,,,,330000,,52000000,158,,warehouse,,100,,,,,sale,,https://www.lee-associates.com/wbe/2023/02/16/thor-acquires-330000-sq-ft-passaic-warehouse-for-52-million/,2023-02-16,med,"Fully leased 330,000 SF industrial building in the City of Passaic; address/seller not in excerpt; re-nj article reposted on Lee & Associates WBE Group site; psf computed",,B_year_2023.jsonl,0
2023-02-21,,Carlstadt,Bergen,Penwood Real Estate Investment Management,PENWOOD REAL ESTATE INVESTMENT MANAGEMENT,,,,,,109775,,,,,warehouse,,,,,19560000,JLL (acquisition financing),sale,,https://www.roi-nj.com/2023/02/21/real_estate/jll-secures-19-56m-financing-for-penwood-real-estate-to-acquire-industrial-warehouse-in-meadowlands/,2023-02-21,med,"JLL arranged $19.56M acquisition financing for a 109,775 SF warehouse/distribution facility in Carlstadt (Meadowlands); lender, seller and price not in excerpt; also NJBIZ https://njbiz.com/meadowlands-warehouse-secures-19-56m-in-acquisition-financing/",,B_year_2023.jsonl,0
2023-03,80 Executive Ave,Edison,Middlesex,Fujipoly America LLC,FUJIPOLY AMERICA,,,Menlo Executive Associates LLC,MENLO EXECUTIVE ASSOCIATES,,50400,,18200000,361,,warehouse,,,,,,NAI DiLeo-Bram & Co.,sale,,https://njbiz.com/new-jersey-commercial-real-estate-deals-multifamily-office-industrial/,2023-03,med,Warehouse/distribution facility; likely owner-user purchase (Fujipoly America); attributed to NJBIZ 'What's the deal' roundup per search summary - also reported by ROI-NJ (March 2023); verify article URL; psf computed,,B_year_2023.jsonl,0
2023-03-02,25 Styertowne Road,Clifton,Passaic,private investor,PRIVATE INVESTOR,,,,,,20000,,,,,warehouse,,,,,,Lee & Associates,sale,,https://www.roi-nj.com/2023/03/02/real_estate_development/lee-associates-helps-trade-20k-sq-ft-warehouse-marking-3rd-recent-deal-in-clifton/,2023-03-02,med,"Passaic County warehouse sold to a private investor; third recent Lee & Associates deal in Clifton; seller/price not in excerpt. Lee & Associates NJ site repost 2023-04-04 'Ownership group sells 20,000 sq. ft. warehouse, in latest Clifton trade' https://www.lee-associates.com/newjersey/2023/04/04/lee-associates-ownership-group-sells-20000-sq-ft-warehouse-in-latest-clifton-trade/ - likely the same trade",,B_year_2023.jsonl,0
2023-03-13,18-20 Harmrich Road,South Plainfield,Middlesex,Marcus Partners,MARCUS PARTNERS,,,,,,200000,,36500000,182,,small-bay,,,,,,Lee & Associates,sale,,https://www.lee-associates.com/newjersey/2023/03/13/3042/,2023-03-13,med,"Boston-based Marcus Partners paid $36.5M for a multitenant 200,000 SF industrial property; NJBIZ reports it as an off-market Middlesex County deal https://njbiz.com/middlesex-county-industrial-property-sells-for-36-5m-in-off-market-deal/ ; seller not in excerpt; psf computed",,B_year_2023.jsonl,0
2023-04,130 Essex Avenue East,Avenel,Middlesex,Seagis Property Group,SEAGIS PROPERTY GROUP,,,,,,96500,,,,,warehouse,,,,,,,sale,,https://www.prnewswire.com/news-releases/seagis-property-group-acquires-96-500-sf-industrial-building-in-north-jersey-301793575.html,2023-04,high,Ports submarket; Avenel section of Woodbridge Township; price/seller not disclosed,,B_year_2023.jsonl,0
2023-04-05,333 North Street,Teterboro,Bergen,Hampshire Cos.,HAMPSHIRE COS,,,,,,221448,,,,,warehouse,,,,,39000000,JLL (acquisition financing),sale,,https://www.roi-nj.com/2023/04/05/real_estate_development/jll-helps-hampshire-secure-39m-for-warehouse-acquisition-in-the-meadowlands/,2023-04-05,med,"JLL arranged $39M acquisition financing for Hampshire's purchase of a 221,448 SF warehouse/distribution facility; lender, seller and price not in excerpt",,B_year_2023.jsonl,0
2023-04-25,230 Belmont Drive,Somerset (Franklin Township),Somerset,Bridge Industrial,BRIDGE INDUSTRIAL,,,,,,152175,,,,,warehouse,,,,,,,sale,,https://www.roi-nj.com/2023/04/25/real_estate_development/bridge-industrial-announces-acquisition-of-industrial-facility-in-somerset/,2023-04-25,med,Newly constructed Class A industrial; call-list buyer (Bridge Industrial); seller/price not in excerpt,,B_year_2023.jsonl,0
2023-05,1-5 Plant Road,Hasbrouck Heights,Bergen,Bridge Logistics Properties,BRIDGE LOGISTICS PROPERTIES,Bridge Investment Group Holdings,,,,,202000,,45000000,223,,warehouse,,,,,,,sale,,https://www.connectcre.com/stories/bridge-logistics-properties-buys-industrial-warehouse-in-nj/,2023-05,med,"Off-market; 202,000 SF warehouse plus half-acre parking lot; seller not in excerpt; Bridge Logistics Properties (Bridge Investment Group) is NOT the call-list buyer Bridge Industrial/Kurv; also NJBIZ roundup https://njbiz.com/new-jersey-commercial-real-estate-deals-multifamily-office-industrial/; psf computed",,B_year_2023.jsonl,0
2023-05,125 Broad Ave,North Bergen,Hudson,private investor (New York),PRIVATE INVESTOR NEW YORK,,,,,,38310,,11100000,290,,small-bay,,,,,,Marcus & Millichap,sale,,https://re-nj.com/new-york-investor-buys-38000-sq-ft-north-bergen-complex-for-11-million-marcus-says/,2023-05,med,"Three-building industrial complex, 38,310 SF; also REBusinessOnline market article mentions the Marcus & Millichap North Bergen 3-building 38,310 SF sale; psf computed",,B_year_2023.jsonl,0
2023-05,100 New England Ave,Piscataway,Middlesex,private investor,PRIVATE INVESTOR,,,,,,101381,8,26500000,261,,warehouse,,,,,,"Listing: JLL Capital Markets (Marc Duval, Jordan Avanzato, Frank Recine, Nicholas Stefans, Jason Lundy, Jose Cruz)",sale-leaseback,,https://www.jll.com/en-us/newsroom/warehouse-trades-in-northern-new-jersey,2023-05,high,"Sale-leaseback of a 101,381 SF distribution facility on 8 acres a quarter-mile from I-287, bought by a private investor; seller-tenant not in excerpt; also re-nj https://re-nj.com/jll-investor-adds-101000-sq-ft-piscataway-warehouse-in-26-5-million-sale-leaseback/ and REBusinessOnline https://rebusinessonline.com/jll-brokers-26-5m-sale-of-warehouse-in-piscataway-new-jersey/; psf computed",,B_year_2023.jsonl,0
2023-05-25,80 Hancock Street,Lodi,Bergen,Prologis,PROLOGIS,,,,,,,,5550000,,,industrial,,,,,,,sale,,https://traded.co/deals/new-jersey/industrial/sale/80-hancock-street/,2023-05-25,low,SF/seller not in excerpt,,B_year_2023.jsonl,0
2023-06,206-238 North 12th Street & 1 Springdale Avenue,Newark,Essex,Criterion Group,CRITERION GROUP,,,,,,,10,26100000,,,industrial,,,,,,,sale,,https://traded.co/deals/new-jersey/industrial/sale/206-238-north-12th-street-&-1-springdale-avenue/,2023-06,low,10-acre industrial property; Criterion Group is an IOS/industrial developer so may be IOS/redevelopment; seller/SF not in excerpt,,B_year_2023.jsonl,0
2023-06-01,140 Ethel Road,Piscataway,Middlesex,,,,,,,,108875,,21200000,195,,small-bay,,100,,,,"Listing: JLL (Marc Duval, Jordan Avanzato, Nicholas Stefans, Jason Lundy, Jose Cruz)",sale,,https://www.jll.com/en-us/newsroom/northern-new-jersey-multi-tenant-industrial-property-trades,2023-06,high,"Fully occupied multi-tenant warehouse, 19 tenants (logistics, food & beverage, light fulfillment, warehousing); 24-ft clear, 24 docks, 2 drive-ins, 83 parking; buyer/seller not in excerpt; also NJBIZ https://njbiz.com/piscataway-warehouse-property-fetches-21-2m/; psf computed",,B_year_2023.jsonl,0
2023-06-21,525 W. Linden Ave,Linden,Union,Bridge Industrial,BRIDGE INDUSTRIAL,,,private seller,PRIVATE SELLER,,115000,9.2,,,,IOS,1949,,,,,,sale,,https://www.roi-nj.com/2023/06/21/real_estate_development/bridge-industrial-acquires-115k-sq-ft-industrial-site-in-linden-with-5-acres-of-parking/,2023-06-21,med,"115,000 SF industrial service facility on 9.2 acres with 5 acres of excess parking; 19-ft clear, 19 grade-level drive-ins, 1 dock, ~7,500 SF office; call-list buyer (Bridge Industrial); price not in excerpt",,B_year_2023.jsonl,0
2023-08,700 Jernee Mill Road,Sayreville,Middlesex,,,,,American Truck & Trailer,AMERICAN TRUCK AND TRAILER,,28500,6.5,,,,IOS,,,American Truck & Trailer,,,JLL Capital Markets (acquisition financing / JV equity),sale-leaseback,,https://njbiz.com/jll-arranges-23-5m-acquisition-financing-for-sayreville-ios-site/,2023-08,med,"Sale-leaseback: seller/occupant American Truck & Trailer leased back for six months from closing; JLL arranged $23.5M combined acquisition financing and JV equity for the buyer JV (not separable, so loan_amount blank); 6.5 usable acres with 28,500 SF warehouse; buyer/lender not in excerpt",,B_year_2023.jsonl,0
2023-09,34 Engelhard Drive,Monroe Township,Middlesex,GLP Capital Partners LLC,GLP CAPITAL PARTNERS,,,Clarion Partners,CLARION PARTNERS,,203000,,53750000,265,,industrial,,,,,,CBRE,sale,,https://njbiz.com/monroe-industrial-property-sells-for-53-75m/,2023-09,med,CBRE announced $53.75M sale; re-nj reports Clarion Partners sold to GLP Capital Partners LLC for nearly $54M in Sept 2023 https://re-nj.com/clarion-sells-203000-sq-ft-monroe-industrial-building-for-54-million/; psf computed,,B_year_2023.jsonl,0
2023-09-26,PORTFOLIO: 3 buildings,Morris Plains,Morris,,,,,,,,,,2000000,,,other,,,,,,,portfolio,"3-building mixed-use package (freestanding 3,500 SF warehouse + retail + multifamily), $2M, Morris Plains",https://www.roi-nj.com/2023/09/26/real_estate_development/3-building-package-featuring-warehouse-retail-multifamily-sells-in-morris-plains/,2023-09-26,med,"Marginal for industrial scope: only a 3,500 SF warehouse within a mixed-use package; included for completeness",,B_year_2023.jsonl,0
2023-09-29,,Hillsborough,Somerset,,,,,,,,40700,,8300000,204,,industrial,,,,,,Cushman & Wakefield,sale,,https://www.roi-nj.com/2023/09/29/real_estate_development/cw-arranges-8-3m-sale-of-40700-sq-ft-industrial-facility-in-hillsborough/,2023-09-29,med,Buyer/seller/address not in excerpt; psf computed,,B_year_2023.jsonl,0
2023-10,1900 Lower Road,Linden,Union,Service Truck Tire Center (STTC),SERVICE TRUCK TIRE CENTER STTC,,,,,,67355,6,21000000,312,,warehouse,,,,,,,sale,,https://traded.co/deals/new-jersey/industrial/sale/1900-lower-road/,2023-10,low,"Owner-user purchase; 67,355 SF warehouse/industrial on 6+ acres, Route 1 access, ample parking, multiple loading areas, renovated office, rooftop solar; seller/brokers not in excerpt; acres approx ('over six'); psf computed",,B_year_2023.jsonl,0
2023-10-20,Mahwah Industrial Center (3 buildings),Mahwah,Bergen,Faropoint,FAROPOINT,,,JV of Camber Real Estate Partners and Advance Realty,JV OF CAMBER REAL ESTATE PARTNERS AND ADVANCE REALTY,,400000,33.2,,,,small-bay,,,,,,"Listing: Cushman & Wakefield (Gary Gabriel, Kyle Schmidt, Ryan Larkin, Seth Zuidema)",portfolio,"part of 10-building, 770,064 SF, $144.5M two-campus Northern Bergen County multi-tenant portfolio sold by Camber/Advance Realty JV to Faropoint (C&W)",https://rebusinessonline.com/faropoint-buys-industrial-portfolio-in-northern-new-jersey-for-144-5m/,2023-10,med,"Mahwah Industrial Center: three buildings totaling 400,000 SF across 33.2 acres; individual price not in excerpt",,B_year_2023.jsonl,0
2023-10-20,PORTFOLIO: 10 buildings,Mahwah / Northern Bergen County,Bergen,Faropoint,FAROPOINT,,,JV of Camber Real Estate Partners and Advance Realty,JV OF CAMBER REAL ESTATE PARTNERS AND ADVANCE REALTY,,770064,68,144500000,188,,small-bay,,,,,,"Listing: Cushman & Wakefield (Gary Gabriel, Kyle Schmidt, Ryan Larkin, Seth Zuidema); procured buyer",portfolio,"Two multi-tenant industrial campuses, 10 buildings totaling 770,064 SF on 68 acres in Northern Bergen County (incl. Mahwah Industrial Center, 3 buildings / 400,000 SF / 33.2 acres), $144.5M, sold by Camber Real Estate Partners / Advance Realty JV to Faropoint; one of the largest multi-tenant industrial trades in Northern Bergen County history",https://www.cushmanwakefield.com/en/united-states/news/2023/11/arranges-sale-of-two-multi-tenant-industrial-portfolios-in-bergen-county-to-faropoint,2023-11,high,Price $144.5M per The Real Deal 2023-10-20 https://therealdeal.com/new-york/tristate/2023/10/20/faropoint-spends-145m-to-add-to-new-jersey-holdings/ ; building count/acreage per REBusinessOnline https://rebusinessonline.com/faropoint-buys-industrial-portfolio-in-northern-new-jersey-for-144-5m/ ; second campus name/address not in excerpts; psf computed,,B_year_2023.jsonl,0
2023-11-02,151 Ridgedale Avenue,East Hanover,Morris,Morgan Stanley Real Estate Investing,MORGAN STANLEY REAL ESTATE INVESTING,,investment fund managed by Morgan Stanley Real Estate Investing; operator/manager Saxum Real Estate,Urban Edge Properties,URBAN EDGE PROPERTIES,,,,,,,industrial,,100,,,,Listing: JLL Capital Markets; procured buyer,portfolio,"part of 7-building, 1.2M SF, $217.5M East Hanover light-industrial portfolio (Murray Rd / Ridgedale Ave) sold by Urban Edge Properties to a Morgan Stanley Real Estate Investing fund with Saxum Real Estate as operator; JLL",https://www.jll.com/en-us/newsroom/jll-arranges-largest-industrial-sale-of-the-year-in-nj,2023-11,high,Individual building SF/price not in excerpt,,B_year_2023.jsonl,0
2023-11-02,601 Murray Road,East Hanover,Morris,Morgan Stanley Real Estate Investing,MORGAN STANLEY REAL ESTATE INVESTING,,investment fund managed by Morgan Stanley Real Estate Investing; operator/manager Saxum Real Estate,Urban Edge Properties,URBAN EDGE PROPERTIES,,,,,,,industrial,,100,,,,Listing: JLL Capital Markets; procured buyer,portfolio,"part of 7-building, 1.2M SF, $217.5M East Hanover light-industrial portfolio (Murray Rd / Ridgedale Ave) sold by Urban Edge Properties to a Morgan Stanley Real Estate Investing fund with Saxum Real Estate as operator; JLL",https://www.jll.com/en-us/newsroom/jll-arranges-largest-industrial-sale-of-the-year-in-nj,2023-11,high,Individual building SF/price not in excerpt,,B_year_2023.jsonl,0
2023-11-02,901 Murray Road,East Hanover,Morris,Morgan Stanley Real Estate Investing,MORGAN STANLEY REAL ESTATE INVESTING,,investment fund managed by Morgan Stanley Real Estate Investing; operator/manager Saxum Real Estate,Urban Edge Properties,URBAN EDGE PROPERTIES,,,,,,,industrial,,100,,,,Listing: JLL Capital Markets; procured buyer,portfolio,"part of 7-building, 1.2M SF, $217.5M East Hanover light-industrial portfolio (Murray Rd / Ridgedale Ave) sold by Urban Edge Properties to a Morgan Stanley Real Estate Investing fund with Saxum Real Estate as operator; JLL",https://www.jll.com/en-us/newsroom/jll-arranges-largest-industrial-sale-of-the-year-in-nj,2023-11,high,Individual building SF/price not in excerpt,,B_year_2023.jsonl,0
2023-11-02,903-906 Murray Road,East Hanover,Morris,Morgan Stanley Real Estate Investing,MORGAN STANLEY REAL ESTATE INVESTING,,investment fund managed by Morgan Stanley Real Estate Investing; operator/manager Saxum Real Estate,Urban Edge Properties,URBAN EDGE PROPERTIES,,,,,,,industrial,,100,,,,Listing: JLL Capital Markets; procured buyer,portfolio,"part of 7-building, 1.2M SF, $217.5M East Hanover light-industrial portfolio (Murray Rd / Ridgedale Ave) sold by Urban Edge Properties to a Morgan Stanley Real Estate Investing fund with Saxum Real Estate as operator; JLL",https://www.jll.com/en-us/newsroom/jll-arranges-largest-industrial-sale-of-the-year-in-nj,2023-11,high,"Individual building SF/price not in excerpt (4 buildings, 903/904/905/906)",,B_year_2023.jsonl,0
2023-11-02,PORTFOLIO: 7 buildings,East Hanover,Morris,Morgan Stanley Real Estate Investing,MORGAN STANLEY REAL ESTATE INVESTING,,investment fund managed by Morgan Stanley Real Estate Investing; operator/manager Saxum Real Estate,Urban Edge Properties,URBAN EDGE PROPERTIES,,1200000,,217500000,181,,industrial,,100,,,,Listing: JLL Capital Markets; procured buyer,portfolio,"part of 7-building, 1.2M SF, $217.5M East Hanover light-industrial portfolio (Murray Rd / Ridgedale Ave) sold by Urban Edge Properties to a Morgan Stanley Real Estate Investing fund with Saxum Real Estate as operator; JLL",https://www.jll.com/en-us/newsroom/jll-arranges-largest-industrial-sale-of-the-year-in-nj,2023-11,high,"Largest NJ industrial sale of 2023 per JLL; 7 buildings at 901, 903-906, 601 Murray Rd and 151 Ridgedale Ave; 13 tenants, fully occupied; avg 21-ft clear; 945 parking; Urban Edge (NYSE: UE) seller; also ROI-NJ 2023-11-02 https://www.roi-nj.com/2023/11/02/real_estate_development/217-5m-deal-jll-helps-trade-7-building-1-2m-sq-ft-industrial-portfolio-in-east-hanover/ and re-nj; psf computed",,B_year_2023.jsonl,0
2023-11-17,25 Amor Ave,Carlstadt,Bergen,Seagis Property Group,SEAGIS PROPERTY GROUP,,,,,,30058,1.5,,,,warehouse,,,,,,,sale,,https://www.prnewswire.com/news-releases/seagis-property-group-acquires-30-058-sf-industrial-building-in-north-jersey-301991282.html,2023-11,high,"Gotham Industrial Park, Meadowlands submarket; 16-ft clear; ~1.5 acres; price not disclosed. Also ROI-NJ 2023-11-17 https://www.roi-nj.com/2023/11/17/real_estate_development/seagis-property-group-acquires-30k-sq-ft-industrial-building-in-carlstadt/ . A separate undated NAI Hanson release says NAI Hanson sold a Carlstadt industrial property for $9.1M (Venture One per re-nj tag page) - possibly this asset, unverified",,B_year_2023.jsonl,0
2023-12-21,Roxbury Logistics Center,Roxbury,Morris,Dalfen Industrial,DALFEN INDUSTRIAL,,,,,,470044,,,,,warehouse,,,,,,,sale,,https://www.roi-nj.com/2023/12/21/real_estate_development/dallas-based-dalfen-industrial-acquires-470k-sq-ft-property-in-roxbury-and-is-looking-for-more-in-n-j/,2023-12-21,med,"Off-market per The Real Deal; price/seller not in excerpt; Roxbury Township, Morris County; TRD (Feb 2026) reports the Goldman/Dalfen venture later sold it to the federal government (ICE) https://therealdeal.com/texas/2026/02/24/goldman-dalfen-venture-sells-new-jersey-warehouse-to-ice/",,B_year_2023.jsonl,0
2024,299 Murray Hill Parkway,East Rutherford,Bergen,Oliver Street Capital,OLIVER STREET CAPITAL,,,Braha Industries,BRAHA INDUSTRIES,,99173,,28500000,287,,industrial,,,,,,,sale,,https://njbiz.com/q1-2024-north-central-new-jersey-industrial-market-top-deals-and-sales/,2024,med,Q1 2024 per NJBIZ quarterly top-sales roundup; exact closing date not in excerpt; psf computed,,B_year_2024.jsonl,0
2024,55 Van Keuren Ave,Jersey City,Hudson,Old Dominion Freight Line Inc.,OLD DOMINION FREIGHT LINE,,,James G Nicholas II LLC,JAMES G NICHOLAS II,,33000,,21600000,655,,industrial,,,,,,,sale,,https://njbiz.com/q1-2024-north-central-new-jersey-industrial-market-top-deals-and-sales/,2024,med,"Q1 2024 per NJBIZ roundup; buyer is an LTL trucking carrier (likely truck-terminal use, not stated in excerpt); psf computed",,B_year_2024.jsonl,0
2024,10 Constitution Ave,Piscataway,Middlesex,Bridge Industrial,BRIDGE INDUSTRIAL,,,Rockefeller Group,ROCKEFELLER GROUP,,147000,,,,,warehouse,2024,,,,,,sale,,https://re-nj.com/rockefeller-sells-new-147000-sq-ft-piscataway-warehouse-to-bridge-industrial/,2024,med,Constitution Logistics Center; new distribution center completed earlier in 2024 and sold same year per excerpt; price not in excerpt; Bridge Industrial is a call-list buyer,,B_year_2024.jsonl,0
2024,1 Dodge Drive,West Caldwell,Essex,Venture One Real Estate,VENTURE ONE REAL ESTATE,,,Terreno Realty,TERRENO REALTY,,111000,,17500000,158,,industrial,,,,,,,sale,,https://njbiz.com/q1-2024-north-central-new-jersey-industrial-market-top-deals-and-sales/,2024,med,Q1 2024 per NJBIZ roundup; seller Terreno is a call-list buyer (disposition); psf computed,,B_year_2024.jsonl,0
2024-01-22,,Hamilton,Mercer,Lincoln Equities Group / PGIM Real Estate,LINCOLN EQUITIES GROUP PGIM REAL ESTATE,,,,,,,48,,,,land,,,,,,,JV,,https://roi-nj.com/2024/01/22/real_estate/lincoln-equities-group-pgim-acquire-48-acre-industrial-development-site-in-hamilton,2024-01-22,med,48-acre industrial development site acquired by LEG/PGIM joint venture; seller/price not in excerpt,,B_year_2024.jsonl,0
2024-02-28,152 Ridge Road,South Brunswick (Dayton),Middlesex,Invesco Real Estate,INVESCO REAL ESTATE,,,Saadia Group,SAADIA GROUP,,216000,,55000000,255,,warehouse,1991,100,third-party logistics company (coast-to-coast shipping),,,JLL Capital Markets,sale,,https://www.roi-nj.com/2024/02/28/real_estate_development/jlls-capital-markets-completes-sale-of-216k-sq-ft-industrial-warehouse-in-south-brunswick/,2024-02-28,med,"Cross-dock, 33 loading doors, 30-ft clear; JLL arranged sale Feb 27 2024 per NJBIZ; price $55M and seller per NJBIZ Q1 2024 roundup (https://njbiz.com/q1-2024-north-central-new-jersey-industrial-market-top-deals-and-sales/) and traded.co; JLL release https://www.jll.com/en-us/newsroom/jll-closes-sale-of-nj-industrial-warehouse; psf computed",,B_year_2024.jsonl,0
2024-02-29,390 Central Ave,East Rutherford,Bergen,Sagard Real Estate,SAGARD REAL ESTATE,,,Deugen Development,DEUGEN DEVELOPMENT,,47310,,19400000,410,,warehouse,,,,,,,sale,,https://www.roi-nj.com/2024/02/29/real_estate_development/sagard-real-estate-acquires-47k-sq-ft-newly-constructed-warehouse-in-east-rutherford/,2024-02-29,med,"Newly constructed; 11 mi from Midtown, 14 mi from Port Newark; price/seller/sf per NJBIZ Q1 2024 roundup; psf computed",,B_year_2024.jsonl,0
2024-03-26,12 Thornton Road,Oakland,Bergen,Dalfen Industrial,DALFEN INDUSTRIAL,,,Raymour & Flanigan Furniture,RAYMOUR AND FLANIGAN FURNITURE,,92400,,14650000,159,,warehouse,,,,,,JLL Capital Markets,sale,,https://www.prnewswire.com/news-releases/dalfen-industrial-continues-expansion-of-new-jersey-industrial-portfolio-302094672.html,2024-03,high,"Thornton Logistics Center, last-mile, I-287 corridor; price per JLL/ROI-NJ 2024-03-26 (https://www.roi-nj.com/2024/03/26/real_estate_development/jll-capital-markets-arranges-14-65m-sale-of-93k-sq-ft-industrial-warehouse-in-oakland/); seller per NJBIZ Q1 roundup; psf computed",,B_year_2024.jsonl,0
2024-04-12,,Wharton,Morris,West Dewey LLC,WEST DEWEY,,West Dewey LLC,Air Products and Chemicals,AIR PRODUCTS AND CHEMICALS,,,,,,,land,,,,,,,land,,https://www.roi-nj.com/2024/04/12/real_estate/joint-venture-closes-on-development-site-in-wharton-plans-to-build-95k-industrial-warehouse/,2024-04-12,med,"Former Air Products distribution center sold to JV entity West Dewey LLC; plan to build 95,000 SF industrial/flex; sponsor names not in excerpt",,B_year_2024.jsonl,0
2024-05-10,PORTFOLIO: multi-state (NY/NJ portion),,,Terreno Realty Corporation,TERRENO REALTY CORPORATION,,,Blackstone,BLACKSTONE,,,,246000000,,,industrial,,,,,,,portfolio,"NY/NJ portion ($246M) of 1.2M SF, $364.5M Blackstone portfolio sale to Terreno spanning NYC, Northern NJ, LA and SF Bay Area",https://therealdeal.com/new-york/2024/05/10/blackstone-sells-industrial-properties-in-nyc-nj/,2024-05-10,med,NJ addresses/SF not in excerpts; Commercial Observer 2024-05 (https://commercialobserver.com/2024/05/blackstone-industrial-sale-terreno/); Terreno is a call-list buyer,,B_year_2024.jsonl,0
2024-05-14,10 Industry Court,Ewing,Mercer,,,,,,,,2100,,,,,warehouse,,,,,,Fennelly Associates,sale,,https://www.roi-nj.com/2024/05/14/real_estate_development/fennelly-associates-negotiates-sale-of-ewing-warehouse/,2024-05-14,med,"Single-story warehouse, one drive-in door, outdoor storage; buyer an independent electrical maintenance company (owner-user, unnamed); price not in excerpt",,B_year_2024.jsonl,0
2024-05-16,75 Wood Street,Paterson,Passaic,Eagle Cliff Real Estate Partners,EAGLE CLIFF REAL ESTATE PARTNERS,,,,,,,,,,,industrial,,,,,,Cushman & Wakefield,portfolio,"part of 2-building, 192,000 SF Paterson industrial portfolio (75 Wood St & 90 6th Ave) bought by Eagle Cliff Real Estate Partners; C&W arranged sale and $22.5M acquisition financing",https://www.roi-nj.com/2024/05/16/real_estate_development/cw-arranges-sale-of-and-financing-for-192k-sq-ft-industrial-portfolio-in-paterson/,2024-05-16,med,Per-building SF/price not in excerpt,,B_year_2024.jsonl,0
2024-05-16,90 6th Avenue,Paterson,Passaic,Eagle Cliff Real Estate Partners,EAGLE CLIFF REAL ESTATE PARTNERS,,,,,,,,,,,industrial,,,,,,Cushman & Wakefield,portfolio,"part of 2-building, 192,000 SF Paterson industrial portfolio (75 Wood St & 90 6th Ave) bought by Eagle Cliff Real Estate Partners; C&W arranged sale and $22.5M acquisition financing",https://www.roi-nj.com/2024/05/16/real_estate_development/cw-arranges-sale-of-and-financing-for-192k-sq-ft-industrial-portfolio-in-paterson/,2024-05-16,med,Per-building SF/price not in excerpt,,B_year_2024.jsonl,0
2024-05-16,PORTFOLIO: 2 buildings,Paterson,Passaic,Eagle Cliff Real Estate Partners,EAGLE CLIFF REAL ESTATE PARTNERS,,,,,,192000,,,,,industrial,,,,,22500000,Cushman & Wakefield (sale; exclusive advisor to buyer on financing),portfolio,"2-building, 192,000 SF Paterson industrial portfolio: 75 Wood St and 90 6th Ave",https://www.roi-nj.com/2024/05/16/real_estate_development/cw-arranges-sale-of-and-financing-for-192k-sq-ft-industrial-portfolio-in-paterson/,2024-05-16,med,$22.5M acquisition financing arranged by C&W (lender not named); price/seller not in excerpt; Connect CRE corroborates (https://www.connectcre.com/stories/cw-arranges-financing-sale-of-paterson-192k-sf-industrial-portfolio/),,B_year_2024.jsonl,0
2024-06-20,333 Veterans Boulevard,Carlstadt,Bergen,Seagis Property Group,SEAGIS PROPERTY GROUP,,,,,,19974,,,,,warehouse,,,,,,,sale,,https://www.prnewswire.com/news-releases/seagis-property-group-acquires-20-000-sf-industrial-building-in-north-jersey-302178009.html,2024-06,high,16-ft clear; closed 2024-06-20 per Seagis release; ROI-NJ 2024-06-24 corroborates; price/seller not in excerpt,,B_year_2024.jsonl,0
2024-07-11,210 West Commercial Avenue,Moonachie,Bergen,Dora's Naturals,DORA S NATURALS,,,Beauty Plus,BEAUTY PLUS,,105000,,31000000,295,,warehouse,1966,,,,,"Procuring: CBRE (Kevin Dudley, Chad Hillyer, Nicholas Klacik, Elli Klapper, Kate Granahan, Brian Fiumara)",sale,,https://www.roi-nj.com/2024/07/11/real_estate/cbre-reps-doras-naturals-in-31m-acquisition-of-industrial-property-in-moonachie,2024-07-11,med,"Owner-user (natural/organic perishable foods distributor); also REBusinessOnline (https://rebusinessonline.com/doras-naturals-buys-industrial-property-in-moonachie-new-jersey-for-31m/), Connect CRE, RE-NJ, traded.co; psf computed",,B_year_2024.jsonl,0
2024-07-16,936-940 S. Elmora Ave,Elizabeth,Union,Heaven Investments LLC,HEAVEN INVESTMENTS,,Heaven Investments LLC,,,,18200,,3200000,176,,industrial,,,,,,Bussel Realty Corp.,sale,,https://www.roi-nj.com/2024/07/16/healthcare/18k-sq-ft-industrial-building-in-elizabeth-sells-for-3-2m/,2024-07-16,med,psf computed,,B_year_2024.jsonl,0
2024-07-30,6 Olsen Avenue,Edison,Middlesex,,,,,,,,29000,,8000000,276,,warehouse,,0,,,,Colliers,sale,,https://www.roi-nj.com/2024/07/30/real_estate/colliers-facilitates-8m-sale-of-warehouse-facility-in-edison/,2024-07-30,med,Vacant at sale; buyer/seller not in excerpt; psf computed,,B_year_2024.jsonl,0
2024-09-04,1 Electronics Drive,Hamilton,Mercer,Saxum Real Estate Partners,SAXUM REAL ESTATE PARTNERS,,,BTR Capital Group,BTR CAPITAL GROUP,,81000,16,,,,flex,,,,,,"JLL Capital Markets (sale, JV acquisition equity and debt placement)",sale,,https://www.roi-nj.com/2024/09/04/real_estate_development/four-jll-service-lines-combine-to-sell-and-capitalize-16-acre-flex-industrial-site-in-hamilton/,2024-09-04,med,16-acre flex/industrial site; 81K SF and >70% leased per Bisnow Philadelphia deal sheet (https://www.bisnow.com/news/philadelphia/deal-sheet/this-weeks-philadelphia-deal-sheet-sales-from-hamilton-to-allentown-125770); JLL also placed JV equity and debt (lender/amount not in excerpt); price not in excerpt,,B_year_2024.jsonl,0
2024-09-05,,Branchburg,Somerset,GBD International Inc.,GBD INTERNATIONAL,,,,,,90000,,13970000,155,,industrial,,,,,,Zimmel Associates,sale,,https://www.roi-nj.com/2024/09/05/real_estate_development/zimmel-brokers-13-97m-sale-of-90k-sq-ft-industrial-in-branchburg/,2024-09-05,med,Seller/address not in excerpt; psf computed,,B_year_2024.jsonl,0
2024-09-20,41 Woodbine Street,Bergenfield,Bergen,,,,,,,,12000,,2700000,225,,flex,,,,,,NAI James E. Hanson,sale,,https://www.naihanson.com/news/nai-james-e-hanson-negotiates-sale-of-bergen-county-industrial-flex-building-for-2-7m/,2024-09,high,Industrial/flex; date per ROI-NJ 2024-09-20 (https://www.roi-nj.com/2024/09/20/real_estate_development/nai-james-e-hanson-negotiates-sale-of-industrial-flex-building-in-bergenfield-for-2-7m/); psf computed,,B_year_2024.jsonl,0
2024-10,2 Hilton Court,Parsippany,Morris,,,,,,,,,10.41,,,,land,,,,,,JLL Capital Markets,land,,https://www.jll.com/en-us/newsroom/jll-capital-markets-closes-sale-of-warehouse-ready-site,2024-10,high,"10.41-acre site to be redeveloped into 123,000 SF warehouse; buyer/seller/price not in excerpt",,B_year_2024.jsonl,0
2024-10-15,310 Manor Avenue,Harrison,Hudson,Ambient Capital Partners,AMBIENT CAPITAL PARTNERS,,,,,,,,,,,IOS,,,,,,NAI James E. Hanson,portfolio,"part of six-property, 48.7-acre, $156.3M Harrison/Kearny industrial outdoor storage portfolio bought by Ambient Capital Partners (NAI James E. Hanson); reported as largest IOS trade in NJ",https://roi-nj.com/2024/10/15/real_estate/six-property-48-7-acre-industrial-outdoor-storage-portfolio-in-harrison-and-kearny-sells-for-156-3m,2024-10-15,med,Per-property acreage/price not in excerpt,,B_year_2024.jsonl,0
2024-10-15,401 Supor Blvd,Harrison,Hudson,Ambient Capital Partners,AMBIENT CAPITAL PARTNERS,,,,,,,,,,,IOS,,,,,,NAI James E. Hanson,portfolio,"part of six-property, 48.7-acre, $156.3M Harrison/Kearny industrial outdoor storage portfolio bought by Ambient Capital Partners (NAI James E. Hanson); reported as largest IOS trade in NJ",https://roi-nj.com/2024/10/15/real_estate/six-property-48-7-acre-industrial-outdoor-storage-portfolio-in-harrison-and-kearny-sells-for-156-3m,2024-10-15,med,"Per-property acreage/price not in excerpt; ROI-NJ spells 'Supor Avenue', TRD 'Supor Boulevard'",,B_year_2024.jsonl,0
2024-10-15,500 Supor Blvd,Harrison,Hudson,Ambient Capital Partners,AMBIENT CAPITAL PARTNERS,,,,,,,,,,,IOS,,,,,,NAI James E. Hanson,portfolio,"part of six-property, 48.7-acre, $156.3M Harrison/Kearny industrial outdoor storage portfolio bought by Ambient Capital Partners (NAI James E. Hanson); reported as largest IOS trade in NJ",https://roi-nj.com/2024/10/15/real_estate/six-property-48-7-acre-industrial-outdoor-storage-portfolio-in-harrison-and-kearny-sells-for-156-3m,2024-10-15,med,"Per-property acreage/price not in excerpt; ROI-NJ spells 'Supor Avenue', TRD 'Supor Boulevard'",,B_year_2024.jsonl,0
2024-10-15,505 Manor Avenue,Harrison,Hudson,Ambient Capital Partners,AMBIENT CAPITAL PARTNERS,,,,,,,,,,,IOS,,,,,,NAI James E. Hanson,portfolio,"part of six-property, 48.7-acre, $156.3M Harrison/Kearny industrial outdoor storage portfolio bought by Ambient Capital Partners (NAI James E. Hanson); reported as largest IOS trade in NJ",https://roi-nj.com/2024/10/15/real_estate/six-property-48-7-acre-industrial-outdoor-storage-portfolio-in-harrison-and-kearny-sells-for-156-3m,2024-10-15,med,Per-property acreage/price not in excerpt,,B_year_2024.jsonl,0
2024-10-15,PORTFOLIO: 6 properties,Harrison / Kearny,Hudson,Ambient Capital Partners,AMBIENT CAPITAL PARTNERS,,,,,,,48.7,156300000,,,IOS,,,,,,NAI James E. Hanson,portfolio,"six-property, 48.7-acre, $156.3M Harrison/Kearny industrial outdoor storage portfolio (310 & 505 Manor Ave, 401 & 500 Supor Blvd in Harrison; 129 Sanford Ave, 433 Bergen Ave in Kearny)",https://www.naihanson.com/news/nai-james-e-hanson-negotiates-156-3m-northern-new-jersey-industrial-outdoor-storage-portfolio-sale/,2024-10,high,Buyer Chicago-based Ambient Capital Partners per TRD 2024-10-18 (https://therealdeal.com/new-york/tristate/2024/10/18/ambient-capital-buys-49-acres-of-new-jersey-industrial-storage/); addresses per ROI-NJ 2024-10-15 (https://roi-nj.com/2024/10/15/real_estate/six-property-48-7-acre-industrial-outdoor-storage-portfolio-in-harrison-and-kearny-sells-for-156-3m); seller not named,,B_year_2024.jsonl,0
2024-10-15,129 Sanford Avenue,Kearny,Hudson,Ambient Capital Partners,AMBIENT CAPITAL PARTNERS,,,,,,,,,,,IOS,,,,,,NAI James E. Hanson,portfolio,"part of six-property, 48.7-acre, $156.3M Harrison/Kearny industrial outdoor storage portfolio bought by Ambient Capital Partners (NAI James E. Hanson); reported as largest IOS trade in NJ",https://roi-nj.com/2024/10/15/real_estate/six-property-48-7-acre-industrial-outdoor-storage-portfolio-in-harrison-and-kearny-sells-for-156-3m,2024-10-15,med,Per-property acreage/price not in excerpt,,B_year_2024.jsonl,0
2024-10-15,433 Bergen Avenue,Kearny,Hudson,Ambient Capital Partners,AMBIENT CAPITAL PARTNERS,,,,,,,,,,,IOS,,,,,,NAI James E. Hanson,portfolio,"part of six-property, 48.7-acre, $156.3M Harrison/Kearny industrial outdoor storage portfolio bought by Ambient Capital Partners (NAI James E. Hanson); reported as largest IOS trade in NJ",https://roi-nj.com/2024/10/15/real_estate/six-property-48-7-acre-industrial-outdoor-storage-portfolio-in-harrison-and-kearny-sells-for-156-3m,2024-10-15,med,Per-property acreage/price not in excerpt,,B_year_2024.jsonl,0
2024-10-16,325 Midland Avenue,Garfield,Bergen,Deko International,DEKO INTERNATIONAL,,,,,,73000,,16500000,226,,warehouse,,,,,,,sale,,https://www.roi-nj.com/2024/10/16/real_estate_development/clifton-based-deko-international-buys-73k-sf-warehouse-in-garfield-for-16-5-million/,2024-10-16,med,Clifton-based food-ingredients supplier (owner-user); also RE-NJ (https://re-nj.com/food-ingredients-supplier-buys-73000-sq-ft-warehouse-in-garfield-for-16-5-million/) and traded.co; seller not in excerpt; psf computed,,B_year_2024.jsonl,0
2024-10-16,936 Harrison Avenue,Kearny,Hudson,Seagis Property Group,SEAGIS PROPERTY GROUP,,,Russo Development / River Development,RUSSO DEVELOPMENT RIVER DEVELOPMENT,,211287,,,,,warehouse,2024,,,,,,sale,,https://roi-nj.com/2024/10/16/real_estate/seagis-expanding-its-presence-in-north-jersey-acquires-211287-sf-property-in-kearny,2024-10-16,med,Newly delivered building developed by Russo Development and River Development; price not in excerpt,,B_year_2024.jsonl,0
2024-12-10,,Newark,Essex,,,,,Terreno Realty Corporation,TERRENO REALTY CORPORATION,,,,29800000,,,industrial,,,,,,,sale,,https://www.businesswire.com/news/home/20241210391290/en/Terreno-Realty-Corporation-Sells-Property-in-Newark-NJ-for-%2429.8-Million,2024-12-10,high,Terreno (call-list buyer) disposition; buyer/address/sf not in excerpt,,B_year_2024.jsonl,0
2024-12-18,,Edison,Middlesex,,,,,,,,,,,,,IOS,,,,,,CBRE,sale,,https://www.roi-nj.com/2024/12/18/real_estate_development/cbre-arranges-off-market-acquisition-of-industrial-outdoor-storage-property-in-edison/,2024-12-18,med,Off-market IOS acquisition; parties/price not in excerpt,,B_year_2024.jsonl,0
2024-12-19,,Lumberton,Burlington,Dalfen Industrial,DALFEN INDUSTRIAL,,,,,,219123,,,,,warehouse,,,,,,,sale,,https://www.prnewswire.com/news-releases/dalfen-industrial-expands-northeast-portfolio-with-acquisition-of-class-a-warehouse-in-central-new-jersey-302336435.html,2024-12-19,high,Off-market Class A acquisition; address/price not in excerpt,,B_year_2024.jsonl,0
